year,district,cd_key,subject,grade,subgroup,tested,pct_met_above
2019,Dublin USD,01-75093,ELA,3,All,1007,79.15
2019,Dublin USD,01-75093,ELA,3,SWD,54,35.19
2019,Dublin USD,01-75093,ELA,4,All,949,78.08
2019,Dublin USD,01-75093,ELA,4,SWD,77,37.66
2019,Dublin USD,01-75093,ELA,5,All,1003,80.86
2019,Dublin USD,01-75093,ELA,5,SWD,93,45.16
2019,Dublin USD,01-75093,ELA,6,All,920,80.98
2019,Dublin USD,01-75093,ELA,6,SWD,53,22.64
2019,Dublin USD,01-75093,ELA,7,All,919,77.48
2019,Dublin USD,01-75093,ELA,7,SWD,55,16.36
2019,Dublin USD,01-75093,ELA,8,All,838,76.85
2019,Dublin USD,01-75093,ELA,8,SWD,61,27.87
2019,Dublin USD,01-75093,Math,3,All,1010,80.50
2019,Dublin USD,01-75093,Math,3,SWD,54,37.04
2019,Dublin USD,01-75093,Math,4,All,952,78.15
2019,Dublin USD,01-75093,Math,4,SWD,77,37.66
2019,Dublin USD,01-75093,Math,5,All,1004,74.30
2019,Dublin USD,01-75093,Math,5,SWD,92,33.70
2019,Dublin USD,01-75093,Math,6,All,921,71.99
2019,Dublin USD,01-75093,Math,6,SWD,53,16.98
2019,Dublin USD,01-75093,Math,7,All,920,70.87
2019,Dublin USD,01-75093,Math,7,SWD,54,16.67
2019,Dublin USD,01-75093,Math,8,All,838,71.33
2019,Dublin USD,01-75093,Math,8,SWD,61,26.23
2019,Walnut Valley USD,19-73460,ELA,3,All,851,75.91
2019,Walnut Valley USD,19-73460,ELA,3,SWD,71,38.03
2019,Walnut Valley USD,19-73460,ELA,4,All,868,75.12
2019,Walnut Valley USD,19-73460,ELA,4,SWD,73,36.99
2019,Walnut Valley USD,19-73460,ELA,5,All,969,78.74
2019,Walnut Valley USD,19-73460,ELA,5,SWD,78,30.77
2019,Walnut Valley USD,19-73460,ELA,6,All,1075,76.47
2019,Walnut Valley USD,19-73460,ELA,6,SWD,74,24.32
2019,Walnut Valley USD,19-73460,ELA,7,All,1127,76.31
2019,Walnut Valley USD,19-73460,ELA,7,SWD,89,21.35
2019,Walnut Valley USD,19-73460,ELA,8,All,1159,76.36
2019,Walnut Valley USD,19-73460,ELA,8,SWD,79,22.78
2019,Walnut Valley USD,19-73460,Math,3,All,864,81.60
2019,Walnut Valley USD,19-73460,Math,3,SWD,71,42.25
2019,Walnut Valley USD,19-73460,Math,4,All,879,75.65
2019,Walnut Valley USD,19-73460,Math,4,SWD,73,41.10
2019,Walnut Valley USD,19-73460,Math,5,All,980,73.88
2019,Walnut Valley USD,19-73460,Math,5,SWD,78,26.92
2019,Walnut Valley USD,19-73460,Math,6,All,1082,77.89
2019,Walnut Valley USD,19-73460,Math,6,SWD,74,28.38
2019,Walnut Valley USD,19-73460,Math,7,All,1136,72.54
2019,Walnut Valley USD,19-73460,Math,7,SWD,90,16.67
2019,Walnut Valley USD,19-73460,Math,8,All,1164,73.45
2019,Walnut Valley USD,19-73460,Math,8,SWD,79,21.52
2019,Palo Alto USD,43-69641,ELA,3,All,788,74.08
2019,Palo Alto USD,43-69641,ELA,3,SWD,101,44.55
2019,Palo Alto USD,43-69641,ELA,4,All,839,79.98
2019,Palo Alto USD,43-69641,ELA,4,SWD,86,39.53
2019,Palo Alto USD,43-69641,ELA,5,All,860,83.37
2019,Palo Alto USD,43-69641,ELA,5,SWD,98,48.98
2019,Palo Alto USD,43-69641,ELA,6,All,862,81.09
2019,Palo Alto USD,43-69641,ELA,6,SWD,94,37.23
2019,Palo Alto USD,43-69641,ELA,7,All,906,85.98
2019,Palo Alto USD,43-69641,ELA,7,SWD,78,44.87
2019,Palo Alto USD,43-69641,ELA,8,All,995,81.81
2019,Palo Alto USD,43-69641,ELA,8,SWD,86,31.40
2019,Palo Alto USD,43-69641,Math,3,All,798,82.83
2019,Palo Alto USD,43-69641,Math,3,SWD,101,55.45
2019,Palo Alto USD,43-69641,Math,4,All,853,84.17
2019,Palo Alto USD,43-69641,Math,4,SWD,86,48.84
2019,Palo Alto USD,43-69641,Math,5,All,864,78.82
2019,Palo Alto USD,43-69641,Math,5,SWD,98,40.82
2019,Palo Alto USD,43-69641,Math,6,All,873,79.38
2019,Palo Alto USD,43-69641,Math,6,SWD,94,34.04
2019,Palo Alto USD,43-69641,Math,7,All,910,83.63
2019,Palo Alto USD,43-69641,Math,7,SWD,79,40.51
2019,Palo Alto USD,43-69641,Math,8,All,1000,82.20
2019,Palo Alto USD,43-69641,Math,8,SWD,86,27.91
2019,Milpitas USD,43-73387,ELA,3,All,723,65.98
2019,Milpitas USD,43-73387,ELA,3,SWD,56,19.64
2019,Milpitas USD,43-73387,ELA,4,All,704,68.89
2019,Milpitas USD,43-73387,ELA,4,SWD,51,31.37
2019,Milpitas USD,43-73387,ELA,5,All,709,70.66
2019,Milpitas USD,43-73387,ELA,5,SWD,56,19.64
2019,Milpitas USD,43-73387,ELA,6,All,754,69.99
2019,Milpitas USD,43-73387,ELA,6,SWD,76,13.16
2019,Milpitas USD,43-73387,ELA,7,All,785,76.94
2019,Milpitas USD,43-73387,ELA,7,SWD,53,33.96
2019,Milpitas USD,43-73387,ELA,8,All,725,73.58
2019,Milpitas USD,43-73387,ELA,8,SWD,49,20.83
2019,Milpitas USD,43-73387,Math,3,All,728,71.84
2019,Milpitas USD,43-73387,Math,3,SWD,54,27.78
2019,Milpitas USD,43-73387,Math,4,All,709,64.03
2019,Milpitas USD,43-73387,Math,4,SWD,51,23.53
2019,Milpitas USD,43-73387,Math,5,All,714,60.50
2019,Milpitas USD,43-73387,Math,5,SWD,56,17.86
2019,Milpitas USD,43-73387,Math,6,All,760,60.92
2019,Milpitas USD,43-73387,Math,6,SWD,76,11.84
2019,Milpitas USD,43-73387,Math,7,All,792,72.10
2019,Milpitas USD,43-73387,Math,7,SWD,53,30.19
2019,Milpitas USD,43-73387,Math,8,All,732,63.93
2019,Milpitas USD,43-73387,Math,8,SWD,48,10.42
2022,Dublin USD,01-75093,ELA,3,All,1017,79.94
2022,Dublin USD,01-75093,ELA,3,SWD,73,38.36
2022,Dublin USD,01-75093,ELA,4,All,1009,81.57
2022,Dublin USD,01-75093,ELA,4,SWD,70,38.57
2022,Dublin USD,01-75093,ELA,5,All,1041,85.69
2022,Dublin USD,01-75093,ELA,5,SWD,62,27.42
2022,Dublin USD,01-75093,ELA,6,All,942,79.47
2022,Dublin USD,01-75093,ELA,6,SWD,51,27.45
2022,Dublin USD,01-75093,ELA,7,All,913,80.72
2022,Dublin USD,01-75093,ELA,7,SWD,59,16.95
2022,Dublin USD,01-75093,ELA,8,All,929,79.09
2022,Dublin USD,01-75093,ELA,8,SWD,58,26.32
2022,Dublin USD,01-75093,Math,3,All,1023,82.49
2022,Dublin USD,01-75093,Math,3,SWD,75,47.30
2022,Dublin USD,01-75093,Math,4,All,1012,79.68
2022,Dublin USD,01-75093,Math,4,SWD,70,40.00
2022,Dublin USD,01-75093,Math,5,All,1042,77.26
2022,Dublin USD,01-75093,Math,5,SWD,63,22.22
2022,Dublin USD,01-75093,Math,6,All,940,70.93
2022,Dublin USD,01-75093,Math,6,SWD,52,15.69
2022,Dublin USD,01-75093,Math,7,All,908,70.81
2022,Dublin USD,01-75093,Math,7,SWD,58,13.79
2022,Dublin USD,01-75093,Math,8,All,928,69.29
2022,Dublin USD,01-75093,Math,8,SWD,60,16.67
2022,Walnut Valley USD,19-73460,ELA,3,All,972,74.38
2022,Walnut Valley USD,19-73460,ELA,3,SWD,65,33.85
2022,Walnut Valley USD,19-73460,ELA,4,All,945,72.59
2022,Walnut Valley USD,19-73460,ELA,4,SWD,92,35.87
2022,Walnut Valley USD,19-73460,ELA,5,All,905,76.35
2022,Walnut Valley USD,19-73460,ELA,5,SWD,83,36.14
2022,Walnut Valley USD,19-73460,ELA,6,All,964,73.86
2022,Walnut Valley USD,19-73460,ELA,6,SWD,70,27.14
2022,Walnut Valley USD,19-73460,ELA,7,All,1010,78.81
2022,Walnut Valley USD,19-73460,ELA,7,SWD,67,19.40
2022,Walnut Valley USD,19-73460,ELA,8,All,1114,78.01
2022,Walnut Valley USD,19-73460,ELA,8,SWD,88,29.55
2022,Walnut Valley USD,19-73460,Math,3,All,982,79.84
2022,Walnut Valley USD,19-73460,Math,3,SWD,65,38.46
2022,Walnut Valley USD,19-73460,Math,4,All,952,74.16
2022,Walnut Valley USD,19-73460,Math,4,SWD,92,36.96
2022,Walnut Valley USD,19-73460,Math,5,All,911,65.42
2022,Walnut Valley USD,19-73460,Math,5,SWD,83,21.69
2022,Walnut Valley USD,19-73460,Math,6,All,969,69.87
2022,Walnut Valley USD,19-73460,Math,6,SWD,70,27.14
2022,Walnut Valley USD,19-73460,Math,7,All,1017,70.47
2022,Walnut Valley USD,19-73460,Math,7,SWD,67,16.42
2022,Walnut Valley USD,19-73460,Math,8,All,1120,68.48
2022,Walnut Valley USD,19-73460,Math,8,SWD,88,17.05
2022,Palo Alto USD,43-69641,ELA,3,All,677,76.66
2022,Palo Alto USD,43-69641,ELA,3,SWD,63,41.27
2022,Palo Alto USD,43-69641,ELA,4,All,719,83.59
2022,Palo Alto USD,43-69641,ELA,4,SWD,74,56.76
2022,Palo Alto USD,43-69641,ELA,5,All,694,83.43
2022,Palo Alto USD,43-69641,ELA,5,SWD,67,47.76
2022,Palo Alto USD,43-69641,ELA,6,All,737,83.42
2022,Palo Alto USD,43-69641,ELA,6,SWD,84,42.86
2022,Palo Alto USD,43-69641,ELA,7,All,735,82.18
2022,Palo Alto USD,43-69641,ELA,7,SWD,74,35.14
2022,Palo Alto USD,43-69641,ELA,8,All,784,84.06
2022,Palo Alto USD,43-69641,ELA,8,SWD,62,35.48
2022,Palo Alto USD,43-69641,Math,3,All,695,81.87
2022,Palo Alto USD,43-69641,Math,3,SWD,64,51.56
2022,Palo Alto USD,43-69641,Math,4,All,731,81.26
2022,Palo Alto USD,43-69641,Math,4,SWD,74,52.70
2022,Palo Alto USD,43-69641,Math,5,All,707,77.23
2022,Palo Alto USD,43-69641,Math,5,SWD,66,37.88
2022,Palo Alto USD,43-69641,Math,6,All,743,78.06
2022,Palo Alto USD,43-69641,Math,6,SWD,84,35.71
2022,Palo Alto USD,43-69641,Math,7,All,740,77.13
2022,Palo Alto USD,43-69641,Math,7,SWD,74,31.08
2022,Palo Alto USD,43-69641,Math,8,All,786,74.55
2022,Palo Alto USD,43-69641,Math,8,SWD,62,24.19
2022,Milpitas USD,43-73387,ELA,3,All,754,67.11
2022,Milpitas USD,43-73387,ELA,3,SWD,56,32.14
2022,Milpitas USD,43-73387,ELA,4,All,744,68.01
2022,Milpitas USD,43-73387,ELA,4,SWD,61,21.31
2022,Milpitas USD,43-73387,ELA,5,All,655,70.08
2022,Milpitas USD,43-73387,ELA,5,SWD,52,28.85
2022,Milpitas USD,43-73387,ELA,6,All,744,69.76
2022,Milpitas USD,43-73387,ELA,6,SWD,74,13.51
2022,Milpitas USD,43-73387,ELA,7,All,666,72.44
2022,Milpitas USD,43-73387,ELA,7,SWD,45,20.45
2022,Milpitas USD,43-73387,ELA,8,All,691,76.16
2022,Milpitas USD,43-73387,ELA,8,SWD,44,18.18
2022,Milpitas USD,43-73387,Math,3,All,760,72.30
2022,Milpitas USD,43-73387,Math,3,SWD,56,35.71
2022,Milpitas USD,43-73387,Math,4,All,757,62.35
2022,Milpitas USD,43-73387,Math,4,SWD,61,22.95
2022,Milpitas USD,43-73387,Math,5,All,668,59.73
2022,Milpitas USD,43-73387,Math,5,SWD,52,28.85
2022,Milpitas USD,43-73387,Math,6,All,745,61.96
2022,Milpitas USD,43-73387,Math,6,SWD,74,12.33
2022,Milpitas USD,43-73387,Math,7,All,668,63.87
2022,Milpitas USD,43-73387,Math,7,SWD,45,15.56
2022,Milpitas USD,43-73387,Math,8,All,697,59.71
2022,Milpitas USD,43-73387,Math,8,SWD,44,6.82
2023,Dublin USD,01-75093,ELA,3,All,983,78.54
2023,Dublin USD,01-75093,ELA,3,SWD,74,29.73
2023,Dublin USD,01-75093,ELA,4,All,1022,81.12
2023,Dublin USD,01-75093,ELA,4,SWD,74,32.43
2023,Dublin USD,01-75093,ELA,5,All,1015,80.79
2023,Dublin USD,01-75093,ELA,5,SWD,75,38.67
2023,Dublin USD,01-75093,ELA,6,All,1008,79.66
2023,Dublin USD,01-75093,ELA,6,SWD,67,23.88
2023,Dublin USD,01-75093,ELA,7,All,924,78.79
2023,Dublin USD,01-75093,ELA,7,SWD,58,22.41
2023,Dublin USD,01-75093,ELA,8,All,893,76.60
2023,Dublin USD,01-75093,ELA,8,SWD,59,20.34
2023,Dublin USD,01-75093,Math,3,All,985,82.54
2023,Dublin USD,01-75093,Math,3,SWD,73,39.73
2023,Dublin USD,01-75093,Math,4,All,1025,82.44
2023,Dublin USD,01-75093,Math,4,SWD,74,37.84
2023,Dublin USD,01-75093,Math,5,All,1017,75.32
2023,Dublin USD,01-75093,Math,5,SWD,75,30.67
2023,Dublin USD,01-75093,Math,6,All,1010,70.69
2023,Dublin USD,01-75093,Math,6,SWD,67,19.40
2023,Dublin USD,01-75093,Math,7,All,924,72.08
2023,Dublin USD,01-75093,Math,7,SWD,58,17.24
2023,Dublin USD,01-75093,Math,8,All,896,68.60
2023,Dublin USD,01-75093,Math,8,SWD,60,18.64
2023,Walnut Valley USD,19-73460,ELA,3,All,919,72.69
2023,Walnut Valley USD,19-73460,ELA,3,SWD,61,34.43
2023,Walnut Valley USD,19-73460,ELA,4,All,1015,74.09
2023,Walnut Valley USD,19-73460,ELA,4,SWD,60,35.00
2023,Walnut Valley USD,19-73460,ELA,5,All,978,76.38
2023,Walnut Valley USD,19-73460,ELA,5,SWD,83,32.53
2023,Walnut Valley USD,19-73460,ELA,6,All,1033,74.44
2023,Walnut Valley USD,19-73460,ELA,6,SWD,92,28.26
2023,Walnut Valley USD,19-73460,ELA,7,All,1029,78.52
2023,Walnut Valley USD,19-73460,ELA,7,SWD,69,34.78
2023,Walnut Valley USD,19-73460,ELA,8,All,1043,77.93
2023,Walnut Valley USD,19-73460,ELA,8,SWD,69,21.74
2023,Walnut Valley USD,19-73460,Math,3,All,938,77.83
2023,Walnut Valley USD,19-73460,Math,3,SWD,61,40.98
2023,Walnut Valley USD,19-73460,Math,4,All,1029,77.26
2023,Walnut Valley USD,19-73460,Math,4,SWD,60,40.00
2023,Walnut Valley USD,19-73460,Math,5,All,999,67.17
2023,Walnut Valley USD,19-73460,Math,5,SWD,83,22.89
2023,Walnut Valley USD,19-73460,Math,6,All,1042,69.58
2023,Walnut Valley USD,19-73460,Math,6,SWD,92,19.57
2023,Walnut Valley USD,19-73460,Math,7,All,1034,72.82
2023,Walnut Valley USD,19-73460,Math,7,SWD,68,26.47
2023,Walnut Valley USD,19-73460,Math,8,All,1043,68.36
2023,Walnut Valley USD,19-73460,Math,8,SWD,68,10.29
2023,Palo Alto USD,43-69641,ELA,3,All,659,83.16
2023,Palo Alto USD,43-69641,ELA,3,SWD,58,43.10
2023,Palo Alto USD,43-69641,ELA,4,All,684,78.80
2023,Palo Alto USD,43-69641,ELA,4,SWD,75,38.67
2023,Palo Alto USD,43-69641,ELA,5,All,744,84.54
2023,Palo Alto USD,43-69641,ELA,5,SWD,74,50.00
2023,Palo Alto USD,43-69641,ELA,6,All,707,82.18
2023,Palo Alto USD,43-69641,ELA,6,SWD,64,42.19
2023,Palo Alto USD,43-69641,ELA,7,All,766,84.71
2023,Palo Alto USD,43-69641,ELA,7,SWD,81,38.27
2023,Palo Alto USD,43-69641,ELA,8,All,770,83.12
2023,Palo Alto USD,43-69641,ELA,8,SWD,72,33.33
2023,Palo Alto USD,43-69641,Math,3,All,677,83.60
2023,Palo Alto USD,43-69641,Math,3,SWD,59,55.93
2023,Palo Alto USD,43-69641,Math,4,All,693,80.66
2023,Palo Alto USD,43-69641,Math,4,SWD,75,37.33
2023,Palo Alto USD,43-69641,Math,5,All,753,81.27
2023,Palo Alto USD,43-69641,Math,5,SWD,74,44.59
2023,Palo Alto USD,43-69641,Math,6,All,716,78.21
2023,Palo Alto USD,43-69641,Math,6,SWD,64,34.38
2023,Palo Alto USD,43-69641,Math,7,All,767,80.18
2023,Palo Alto USD,43-69641,Math,7,SWD,82,34.15
2023,Palo Alto USD,43-69641,Math,8,All,770,75.58
2023,Palo Alto USD,43-69641,Math,8,SWD,70,24.29
2023,Milpitas USD,43-73387,ELA,3,All,776,64.82
2023,Milpitas USD,43-73387,ELA,3,SWD,81,22.22
2023,Milpitas USD,43-73387,ELA,4,All,754,65.38
2023,Milpitas USD,43-73387,ELA,4,SWD,66,19.70
2023,Milpitas USD,43-73387,ELA,5,All,759,67.98
2023,Milpitas USD,43-73387,ELA,5,SWD,67,23.88
2023,Milpitas USD,43-73387,ELA,6,All,664,68.67
2023,Milpitas USD,43-73387,ELA,6,SWD,49,22.45
2023,Milpitas USD,43-73387,ELA,7,All,715,77.03
2023,Milpitas USD,43-73387,ELA,7,SWD,70,21.43
2023,Milpitas USD,43-73387,ELA,8,All,674,71.96
2023,Milpitas USD,43-73387,ELA,8,SWD,44,18.18
2023,Milpitas USD,43-73387,Math,3,All,784,67.09
2023,Milpitas USD,43-73387,Math,3,SWD,81,28.40
2023,Milpitas USD,43-73387,Math,4,All,771,65.89
2023,Milpitas USD,43-73387,Math,4,SWD,66,22.73
2023,Milpitas USD,43-73387,Math,5,All,767,58.41
2023,Milpitas USD,43-73387,Math,5,SWD,67,20.90
2023,Milpitas USD,43-73387,Math,6,All,670,61.94
2023,Milpitas USD,43-73387,Math,6,SWD,49,20.41
2023,Milpitas USD,43-73387,Math,7,All,725,64.97
2023,Milpitas USD,43-73387,Math,7,SWD,70,12.86
2023,Milpitas USD,43-73387,Math,8,All,683,59.74
2023,Milpitas USD,43-73387,Math,8,SWD,43,9.30
2024,Dublin USD,01-75093,ELA,3,All,978,78.83
2024,Dublin USD,01-75093,ELA,3,SWD,79,44.30
2024,Dublin USD,01-75093,ELA,4,All,1001,78.82
2024,Dublin USD,01-75093,ELA,4,SWD,90,27.78
2024,Dublin USD,01-75093,ELA,5,All,1040,84.71
2024,Dublin USD,01-75093,ELA,5,SWD,75,26.67
2024,Dublin USD,01-75093,ELA,6,All,1002,78.24
2024,Dublin USD,01-75093,ELA,6,SWD,74,33.78
2024,Dublin USD,01-75093,ELA,7,All,986,78.80
2024,Dublin USD,01-75093,ELA,7,SWD,55,18.18
2024,Dublin USD,01-75093,ELA,8,All,920,77.50
2024,Dublin USD,01-75093,ELA,8,SWD,55,20.00
2024,Dublin USD,01-75093,Math,3,All,982,85.95
2024,Dublin USD,01-75093,Math,3,SWD,79,46.84
2024,Dublin USD,01-75093,Math,4,All,1006,79.52
2024,Dublin USD,01-75093,Math,4,SWD,89,31.46
2024,Dublin USD,01-75093,Math,5,All,1046,79.35
2024,Dublin USD,01-75093,Math,5,SWD,75,29.33
2024,Dublin USD,01-75093,Math,6,All,1004,66.73
2024,Dublin USD,01-75093,Math,6,SWD,73,20.55
2024,Dublin USD,01-75093,Math,7,All,991,71.08
2024,Dublin USD,01-75093,Math,7,SWD,55,14.55
2024,Dublin USD,01-75093,Math,8,All,923,69.88
2024,Dublin USD,01-75093,Math,8,SWD,54,7.41
2024,Walnut Valley USD,19-73460,ELA,3,All,929,70.08
2024,Walnut Valley USD,19-73460,ELA,3,SWD,74,25.68
2024,Walnut Valley USD,19-73460,ELA,4,All,969,73.68
2024,Walnut Valley USD,19-73460,ELA,4,SWD,68,25.00
2024,Walnut Valley USD,19-73460,ELA,5,All,1080,77.22
2024,Walnut Valley USD,19-73460,ELA,5,SWD,62,40.32
2024,Walnut Valley USD,19-73460,ELA,6,All,1121,75.83
2024,Walnut Valley USD,19-73460,ELA,6,SWD,72,19.44
2024,Walnut Valley USD,19-73460,ELA,7,All,1107,78.95
2024,Walnut Valley USD,19-73460,ELA,7,SWD,82,25.61
2024,Walnut Valley USD,19-73460,ELA,8,All,1064,77.44
2024,Walnut Valley USD,19-73460,ELA,8,SWD,76,32.89
2024,Walnut Valley USD,19-73460,Math,3,All,972,75.21
2024,Walnut Valley USD,19-73460,Math,3,SWD,75,34.67
2024,Walnut Valley USD,19-73460,Math,4,All,1005,74.63
2024,Walnut Valley USD,19-73460,Math,4,SWD,68,32.35
2024,Walnut Valley USD,19-73460,Math,5,All,1111,72.50
2024,Walnut Valley USD,19-73460,Math,5,SWD,62,31.15
2024,Walnut Valley USD,19-73460,Math,6,All,1127,75.78
2024,Walnut Valley USD,19-73460,Math,6,SWD,72,19.44
2024,Walnut Valley USD,19-73460,Math,7,All,1110,73.33
2024,Walnut Valley USD,19-73460,Math,7,SWD,82,23.17
2024,Walnut Valley USD,19-73460,Math,8,All,1073,71.08
2024,Walnut Valley USD,19-73460,Math,8,SWD,76,21.33
2024,Palo Alto USD,43-69641,ELA,3,All,703,78.24
2024,Palo Alto USD,43-69641,ELA,3,SWD,79,50.63
2024,Palo Alto USD,43-69641,ELA,4,All,690,81.16
2024,Palo Alto USD,43-69641,ELA,4,SWD,71,45.07
2024,Palo Alto USD,43-69641,ELA,5,All,713,80.65
2024,Palo Alto USD,43-69641,ELA,5,SWD,84,42.86
2024,Palo Alto USD,43-69641,ELA,6,All,771,82.08
2024,Palo Alto USD,43-69641,ELA,6,SWD,68,36.76
2024,Palo Alto USD,43-69641,ELA,7,All,748,81.95
2024,Palo Alto USD,43-69641,ELA,7,SWD,61,36.07
2024,Palo Alto USD,43-69641,ELA,8,All,795,81.61
2024,Palo Alto USD,43-69641,ELA,8,SWD,73,31.51
2024,Palo Alto USD,43-69641,Math,3,All,719,83.45
2024,Palo Alto USD,43-69641,Math,3,SWD,78,53.85
2024,Palo Alto USD,43-69641,Math,4,All,706,81.59
2024,Palo Alto USD,43-69641,Math,4,SWD,71,45.07
2024,Palo Alto USD,43-69641,Math,5,All,724,76.07
2024,Palo Alto USD,43-69641,Math,5,SWD,85,34.12
2024,Palo Alto USD,43-69641,Math,6,All,768,78.62
2024,Palo Alto USD,43-69641,Math,6,SWD,67,38.81
2024,Palo Alto USD,43-69641,Math,7,All,746,78.82
2024,Palo Alto USD,43-69641,Math,7,SWD,61,34.43
2024,Palo Alto USD,43-69641,Math,8,All,793,75.38
2024,Palo Alto USD,43-69641,Math,8,SWD,73,20.55
2024,Milpitas USD,43-73387,ELA,3,All,775,62.58
2024,Milpitas USD,43-73387,ELA,3,SWD,73,19.18
2024,Milpitas USD,43-73387,ELA,4,All,804,63.93
2024,Milpitas USD,43-73387,ELA,4,SWD,89,22.47
2024,Milpitas USD,43-73387,ELA,5,All,762,68.77
2024,Milpitas USD,43-73387,ELA,5,SWD,71,19.72
2024,Milpitas USD,43-73387,ELA,6,All,765,70.03
2024,Milpitas USD,43-73387,ELA,6,SWD,66,18.46
2024,Milpitas USD,43-73387,ELA,7,All,668,75.45
2024,Milpitas USD,43-73387,ELA,7,SWD,55,23.64
2024,Milpitas USD,43-73387,ELA,8,All,730,75.07
2024,Milpitas USD,43-73387,ELA,8,SWD,66,16.67
2024,Milpitas USD,43-73387,Math,3,All,784,69.18
2024,Milpitas USD,43-73387,Math,3,SWD,73,31.51
2024,Milpitas USD,43-73387,Math,4,All,809,64.98
2024,Milpitas USD,43-73387,Math,4,SWD,89,23.60
2024,Milpitas USD,43-73387,Math,5,All,778,58.10
2024,Milpitas USD,43-73387,Math,5,SWD,70,15.71
2024,Milpitas USD,43-73387,Math,6,All,770,63.72
2024,Milpitas USD,43-73387,Math,6,SWD,66,15.38
2024,Milpitas USD,43-73387,Math,7,All,679,61.41
2024,Milpitas USD,43-73387,Math,7,SWD,55,14.55
2024,Milpitas USD,43-73387,Math,8,All,738,63.69
2024,Milpitas USD,43-73387,Math,8,SWD,66,9.09
2025,Dublin USD,01-75093,ELA,3,All,980,74.18
2025,Dublin USD,01-75093,ELA,3,SWD,87,26.44
2025,Dublin USD,01-75093,ELA,4,All,1003,77.77
2025,Dublin USD,01-75093,ELA,4,SWD,84,36.90
2025,Dublin USD,01-75093,ELA,5,All,987,81.44
2025,Dublin USD,01-75093,ELA,5,SWD,79,28.21
2025,Dublin USD,01-75093,ELA,6,All,1030,78.64
2025,Dublin USD,01-75093,ELA,6,SWD,72,16.67
2025,Dublin USD,01-75093,ELA,7,All,988,79.86
2025,Dublin USD,01-75093,ELA,7,SWD,59,32.20
2025,Dublin USD,01-75093,ELA,8,All,994,77.84
2025,Dublin USD,01-75093,ELA,8,SWD,56,23.64
2025,Dublin USD,01-75093,Math,3,All,981,81.24
2025,Dublin USD,01-75093,Math,3,SWD,89,33.71
2025,Dublin USD,01-75093,Math,4,All,1003,81.75
2025,Dublin USD,01-75093,Math,4,SWD,83,30.12
2025,Dublin USD,01-75093,Math,5,All,990,74.75
2025,Dublin USD,01-75093,Math,5,SWD,78,23.08
2025,Dublin USD,01-75093,Math,6,All,1026,75.44
2025,Dublin USD,01-75093,Math,6,SWD,70,17.14
2025,Dublin USD,01-75093,Math,7,All,990,71.21
2025,Dublin USD,01-75093,Math,7,SWD,59,20.34
2025,Dublin USD,01-75093,Math,8,All,990,70.07
2025,Dublin USD,01-75093,Math,8,SWD,54,11.11
2025,Walnut Valley USD,19-73460,ELA,3,All,908,73.02
2025,Walnut Valley USD,19-73460,ELA,3,SWD,68,25.00
2025,Walnut Valley USD,19-73460,ELA,4,All,980,69.59
2025,Walnut Valley USD,19-73460,ELA,4,SWD,82,32.93
2025,Walnut Valley USD,19-73460,ELA,5,All,1040,75.10
2025,Walnut Valley USD,19-73460,ELA,5,SWD,76,23.68
2025,Walnut Valley USD,19-73460,ELA,6,All,1186,76.56
2025,Walnut Valley USD,19-73460,ELA,6,SWD,67,26.87
2025,Walnut Valley USD,19-73460,ELA,7,All,1167,80.89
2025,Walnut Valley USD,19-73460,ELA,7,SWD,72,29.17
2025,Walnut Valley USD,19-73460,ELA,8,All,1121,78.86
2025,Walnut Valley USD,19-73460,ELA,8,SWD,76,25.00
2025,Walnut Valley USD,19-73460,Math,3,All,937,77.91
2025,Walnut Valley USD,19-73460,Math,3,SWD,68,30.88
2025,Walnut Valley USD,19-73460,Math,4,All,1007,73.58
2025,Walnut Valley USD,19-73460,Math,4,SWD,82,34.15
2025,Walnut Valley USD,19-73460,Math,5,All,1070,70.37
2025,Walnut Valley USD,19-73460,Math,5,SWD,76,25.00
2025,Walnut Valley USD,19-73460,Math,6,All,1216,72.70
2025,Walnut Valley USD,19-73460,Math,6,SWD,68,22.06
2025,Walnut Valley USD,19-73460,Math,7,All,1193,77.37
2025,Walnut Valley USD,19-73460,Math,7,SWD,73,21.92
2025,Walnut Valley USD,19-73460,Math,8,All,1149,72.58
2025,Walnut Valley USD,19-73460,Math,8,SWD,76,21.05
2025,Palo Alto USD,43-69641,ELA,3,All,698,76.61
2025,Palo Alto USD,43-69641,ELA,3,SWD,83,37.80
2025,Palo Alto USD,43-69641,ELA,4,All,712,81.88
2025,Palo Alto USD,43-69641,ELA,4,SWD,76,53.95
2025,Palo Alto USD,43-69641,ELA,5,All,698,84.10
2025,Palo Alto USD,43-69641,ELA,5,SWD,71,47.89
2025,Palo Alto USD,43-69641,ELA,6,All,713,81.91
2025,Palo Alto USD,43-69641,ELA,6,SWD,76,30.26
2025,Palo Alto USD,43-69641,ELA,7,All,769,85.70
2025,Palo Alto USD,43-69641,ELA,7,SWD,62,32.26
2025,Palo Alto USD,43-69641,ELA,8,All,758,85.30
2025,Palo Alto USD,43-69641,ELA,8,SWD,55,29.09
2025,Palo Alto USD,43-69641,Math,3,All,718,80.78
2025,Palo Alto USD,43-69641,Math,3,SWD,83,42.17
2025,Palo Alto USD,43-69641,Math,4,All,730,82.74
2025,Palo Alto USD,43-69641,Math,4,SWD,76,44.74
2025,Palo Alto USD,43-69641,Math,5,All,708,80.93
2025,Palo Alto USD,43-69641,Math,5,SWD,71,50.70
2025,Palo Alto USD,43-69641,Math,6,All,718,78.27
2025,Palo Alto USD,43-69641,Math,6,SWD,76,28.95
2025,Palo Alto USD,43-69641,Math,7,All,769,80.88
2025,Palo Alto USD,43-69641,Math,7,SWD,61,24.59
2025,Palo Alto USD,43-69641,Math,8,All,758,77.57
2025,Palo Alto USD,43-69641,Math,8,SWD,56,23.21
2025,Milpitas USD,43-73387,ELA,3,All,750,64.93
2025,Milpitas USD,43-73387,ELA,3,SWD,68,20.59
2025,Milpitas USD,43-73387,ELA,4,All,785,66.84
2025,Milpitas USD,43-73387,ELA,4,SWD,69,16.18
2025,Milpitas USD,43-73387,ELA,5,All,787,69.59
2025,Milpitas USD,43-73387,ELA,5,SWD,81,24.69
2025,Milpitas USD,43-73387,ELA,6,All,788,72.68
2025,Milpitas USD,43-73387,ELA,6,SWD,70,21.74
2025,Milpitas USD,43-73387,ELA,7,All,744,75.81
2025,Milpitas USD,43-73387,ELA,7,SWD,53,18.87
2025,Milpitas USD,43-73387,ELA,8,All,674,75.19
2025,Milpitas USD,43-73387,ELA,8,SWD,48,22.92
2025,Milpitas USD,43-73387,Math,3,All,755,72.19
2025,Milpitas USD,43-73387,Math,3,SWD,68,29.41
2025,Milpitas USD,43-73387,Math,4,All,798,66.54
2025,Milpitas USD,43-73387,Math,4,SWD,69,18.84
2025,Milpitas USD,43-73387,Math,5,All,797,61.61
2025,Milpitas USD,43-73387,Math,5,SWD,81,20.99
2025,Milpitas USD,43-73387,Math,6,All,791,64.10
2025,Milpitas USD,43-73387,Math,6,SWD,69,17.39
2025,Milpitas USD,43-73387,Math,7,All,750,64.67
2025,Milpitas USD,43-73387,Math,7,SWD,53,15.09
2025,Milpitas USD,43-73387,Math,8,All,675,62.61
2025,Milpitas USD,43-73387,Math,8,SWD,47,14.89
