SchoolYear,TestType,IsdCode,IsdName,DistrictCode,DistrictName,BuildingCode,BuildingName,CountyCode,CountyName,EntityType,SchoolLevel,Locale,Grade,Subject,Subgroup_1,Subgroup_2,PercentAdvanced,PercentProficient,PercentPartiallyProficient,PercentNotProficient
"20 - 21 School Year","PSAT","63","Oakland Schools","63150","Troy School District","00000","All Buildings","63","Oakland","LEA District","Elem thru High School","City: Small","8","EBRW","Black, not of Hispanic origin","Male","*","*","*","*"
"20 - 21 School Year","PSAT","63","Oakland Schools","63150","Troy School District","00000","All Buildings","63","Oakland","LEA District","Elem thru High School","City: Small","8","EBRW","Hispanic","Male","*","*","*","*"
"20 - 21 School Year","PSAT","63","Oakland Schools","63150","Troy School District","00000","All Buildings","63","Oakland","LEA District","Elem thru High School","City: Small","8","EBRW","Asian","English Learners","<=20%","41.7","<=20%","37.5"
"20 - 21 School Year","PSAT","63","Oakland Schools","63150","Troy School District","00000","All Buildings","63","Oakland","LEA District","Elem thru High School","City: Small","8","EBRW","Asian","Students with Disabilities","*","*","*","*"
"20 - 21 School Year","PSAT","63","Oakland Schools","63150","Troy School District","00000","All Buildings","63","Oakland","LEA District","Elem thru High School","City: Small","8","EBRW","Students with Disabilities","English Learners","*","*","*","*"
"20 - 21 School Year","PSAT","63","Oakland Schools","63150","Troy School District","00000","All Buildings","63","Oakland","LEA District","Elem thru High School","City: Small","8","EBRW","White, not of Hispanic origin","Students without IEP","73.3","15.6","8.4","<=5%"
"20 - 21 School Year","PSAT","63","Oakland Schools","63150","Troy School District","00000","All Buildings","63","Oakland","LEA District","Elem thru High School","City: Small","8","EBRW","White, not of Hispanic origin","Students with Disabilities","50.0","<=20%","22.2","<=20%"
"20 - 21 School Year","PSAT","63","Oakland Schools","63150","Troy School District","00000","All Buildings","63","Oakland","LEA District","Elem thru High School","City: Small","8","EBRW","White, not of Hispanic origin","Male","67.9","17.0","10.7","<=5%"
"20 - 21 School Year","PSAT","63","Oakland Schools","63150","Troy School District","00000","All Buildings","63","Oakland","LEA District","Elem thru High School","City: Small","8","EBRW","Asian","Male","81.9","11.1","<=5%","5.6"
"20 - 21 School Year","PSAT","63","Oakland Schools","63150","Troy School District","00000","All Buildings","63","Oakland","LEA District","Elem thru High School","City: Small","8","EBRW","Hispanic","Students without IEP","*","*","*","*"
"20 - 21 School Year","PSAT","63","Oakland Schools","63150","Troy School District","00000","All Buildings","63","Oakland","LEA District","Elem thru High School","City: Small","8","EBRW","Male","English Learners","<=20%","38.9","<=20%","38.9"
"20 - 21 School Year","PSAT","63","Oakland Schools","63150","Troy School District","00000","All Buildings","63","Oakland","LEA District","Elem thru High School","City: Small","8","EBRW","White, not of Hispanic origin","Not English Learners","72.3","15.5","9.2","<=5%"
"20 - 21 School Year","PSAT","63","Oakland Schools","63150","Troy School District","00000","All Buildings","63","Oakland","LEA District","Elem thru High School","City: Small","8","EBRW","Asian","Students without IEP","83.9","10.2","<=5%","<=5%"
"20 - 21 School Year","PSAT","63","Oakland Schools","63150","Troy School District","00000","All Buildings","63","Oakland","LEA District","Elem thru High School","City: Small","8","EBRW","Hispanic","Students with Disabilities","*","*","*","*"
"20 - 21 School Year","PSAT","63","Oakland Schools","63150","Troy School District","00000","All Buildings","63","Oakland","LEA District","Elem thru High School","City: Small","8","EBRW","Students with Disabilities","Not English Learners","43.5","21.7","<=20%","<=20%"
"20 - 21 School Year","PSAT","63","Oakland Schools","63150","Troy School District","00000","All Buildings","63","Oakland","LEA District","Elem thru High School","City: Small","8","EBRW","Male","Not English Learners","78.7","12.8","5.4","<=5%"
"20 - 21 School Year","PSAT","63","Oakland Schools","63150","Troy School District","00000","All Buildings","63","Oakland","LEA District","Elem thru High School","City: Small","8","EBRW","Black, not of Hispanic origin","Female","*","*","*","*"
"20 - 21 School Year","PSAT","63","Oakland Schools","63150","Troy School District","00000","All Buildings","63","Oakland","LEA District","Elem thru High School","City: Small","8","EBRW","Two or More Races","Male",">=50%","<=50%","<=50%","<=50%"
"20 - 21 School Year","PSAT","63","Oakland Schools","63150","Troy School District","00000","All Buildings","63","Oakland","LEA District","Elem thru High School","City: Small","8","EBRW","Female","Students without IEP","80.1","12.3","5.1","<=5%"
"20 - 21 School Year","PSAT","63","Oakland Schools","63150","Troy School District","00000","All Buildings","63","Oakland","LEA District","Elem thru High School","City: Small","8","EBRW","Asian","Female","85.9","9.2","<=5%","<=5%"
"20 - 21 School Year","PSAT","63","Oakland Schools","63150","Troy School District","00000","All Buildings","63","Oakland","LEA District","Elem thru High School","City: Small","8","EBRW","Students without IEP","English Learners","<=20%","40.0","<=20%","36.7"
"20 - 21 School Year","PSAT","63","Oakland Schools","63150","Troy School District","00000","All Buildings","63","Oakland","LEA District","Elem thru High School","City: Small","8","EBRW","Hispanic","Not English Learners","*","*","*","*"
"20 - 21 School Year","PSAT","63","Oakland Schools","63150","Troy School District","00000","All Buildings","63","Oakland","LEA District","Elem thru High School","City: Small","8","EBRW","Two or More Races","Female","*","*","*","*"
"20 - 21 School Year","PSAT","63","Oakland Schools","63150","Troy School District","00000","All Buildings","63","Oakland","LEA District","Elem thru High School","City: Small","8","EBRW","Black, not of Hispanic origin","Students with Disabilities","*","*","*","*"
"20 - 21 School Year","PSAT","63","Oakland Schools","63150","Troy School District","00000","All Buildings","63","Oakland","LEA District","Elem thru High School","City: Small","8","EBRW","Two or More Races","Students with Disabilities","*","*","*","*"
"20 - 21 School Year","PSAT","63","Oakland Schools","63150","Troy School District","00000","All Buildings","63","Oakland","LEA District","Elem thru High School","City: Small","8","EBRW","Asian","Not English Learners","90.8","7.3","<=5%","<=5%"
"20 - 21 School Year","PSAT","63","Oakland Schools","63150","Troy School District","00000","All Buildings","63","Oakland","LEA District","Elem thru High School","City: Small","8","EBRW","Students without IEP","Not English Learners","82.4","11.6","4.6","1.4"
"20 - 21 School Year","PSAT","63","Oakland Schools","63150","Troy School District","00000","All Buildings","63","Oakland","LEA District","Elem thru High School","City: Small","8","EBRW","Female","English Learners","<=50%","<=50%","<=50%","<=50%"
"20 - 21 School Year","PSAT","63","Oakland Schools","63150","Troy School District","00000","All Buildings","63","Oakland","LEA District","Elem thru High School","City: Small","8","EBRW","Female","Students with Disabilities","*","*","*","*"
"20 - 21 School Year","PSAT","63","Oakland Schools","63150","Troy School District","00000","All Buildings","63","Oakland","LEA District","Elem thru High School","City: Small","8","EBRW","Male","Students without IEP","76.6","14.1","5.1","<=5%"
"20 - 21 School Year","PSAT","63","Oakland Schools","63150","Troy School District","00000","All Buildings","63","Oakland","LEA District","Elem thru High School","City: Small","8","EBRW","Female","Not English Learners","82.7","11.3","<=5%","<=5%"
"20 - 21 School Year","PSAT","63","Oakland Schools","63150","Troy School District","00000","All Buildings","63","Oakland","LEA District","Elem thru High School","City: Small","8","EBRW","White, not of Hispanic origin","English Learners","*","*","*","*"
"20 - 21 School Year","PSAT","63","Oakland Schools","63150","Troy School District","00000","All Buildings","63","Oakland","LEA District","Elem thru High School","City: Small","8","EBRW","Black, not of Hispanic origin","Not English Learners","<=50%","<=50%","<=50%","<=50%"
"20 - 21 School Year","PSAT","63","Oakland Schools","63150","Troy School District","00000","All Buildings","63","Oakland","LEA District","Elem thru High School","City: Small","8","EBRW","Two or More Races","Not English Learners","77.8","<=20%","<=20%","<=20%"
"20 - 21 School Year","PSAT","63","Oakland Schools","63150","Troy School District","00000","All Buildings","63","Oakland","LEA District","Elem thru High School","City: Small","8","EBRW","Hispanic","Female","*","*","*","*"
"20 - 21 School Year","PSAT","63","Oakland Schools","63150","Troy School District","00000","All Buildings","63","Oakland","LEA District","Elem thru High School","City: Small","8","EBRW","White, not of Hispanic origin","Female","74.8","13.7","8.4","<=5%"
"20 - 21 School Year","PSAT","63","Oakland Schools","63150","Troy School District","00000","All Buildings","63","Oakland","LEA District","Elem thru High School","City: Small","8","EBRW","Hispanic","English Learners","*","*","*","*"
"20 - 21 School Year","PSAT","63","Oakland Schools","63150","Troy School District","00000","All Buildings","63","Oakland","LEA District","Elem thru High School","City: Small","8","EBRW","Black, not of Hispanic origin","Students without IEP","<=50%","<=50%","<=50%","<=50%"
"20 - 21 School Year","PSAT","63","Oakland Schools","63150","Troy School District","00000","All Buildings","63","Oakland","LEA District","Elem thru High School","City: Small","8","EBRW","Male","Students with Disabilities","50.0","<=20%","<=20%","<=20%"
"20 - 21 School Year","PSAT","63","Oakland Schools","63150","Troy School District","00000","All Buildings","63","Oakland","LEA District","Elem thru High School","City: Small","8","EBRW","Two or More Races","Students without IEP",">=80%","<=20%","<=20%","<=20%"
"20 - 21 School Year","PSAT","63","Oakland Schools","63150","Troy School District","00174","Baker Middle School","63","Oakland","LEA School","Middle School","City: Small","8","EBRW","Female","Students with Disabilities","*","*","*","*"
"20 - 21 School Year","PSAT","63","Oakland Schools","63150","Troy School District","00174","Baker Middle School","63","Oakland","LEA School","Middle School","City: Small","8","EBRW","White, not of Hispanic origin","Students without IEP","80.0","14.0","<=10%","<=10%"
"20 - 21 School Year","PSAT","63","Oakland Schools","63150","Troy School District","00174","Baker Middle School","63","Oakland","LEA School","Middle School","City: Small","8","EBRW","Hispanic","Female","*","*","*","*"
"20 - 21 School Year","PSAT","63","Oakland Schools","63150","Troy School District","00174","Baker Middle School","63","Oakland","LEA School","Middle School","City: Small","8","EBRW","Asian","Students without IEP","79.3","15.5","<=10%","<=10%"
"20 - 21 School Year","PSAT","63","Oakland Schools","63150","Troy School District","00174","Baker Middle School","63","Oakland","LEA School","Middle School","City: Small","8","EBRW","Female","Not English Learners","83.6","13.1","<=5%","<=5%"
"20 - 21 School Year","PSAT","63","Oakland Schools","63150","Troy School District","00174","Baker Middle School","63","Oakland","LEA School","Middle School","City: Small","8","EBRW","Male","Students without IEP","71.9","17.5","<=10%","<=10%"
"20 - 21 School Year","PSAT","63","Oakland Schools","63150","Troy School District","00174","Baker Middle School","63","Oakland","LEA School","Middle School","City: Small","8","EBRW","Hispanic","English Learners","*","*","*","*"
"20 - 21 School Year","PSAT","63","Oakland Schools","63150","Troy School District","00174","Baker Middle School","63","Oakland","LEA School","Middle School","City: Small","8","EBRW","Students with Disabilities","Not English Learners","*","*","*","*"
"20 - 21 School Year","PSAT","63","Oakland Schools","63150","Troy School District","00174","Baker Middle School","63","Oakland","LEA School","Middle School","City: Small","8","EBRW","Students without IEP","Not English Learners","81.8","14.5","<=5%","<=5%"
"20 - 21 School Year","PSAT","63","Oakland Schools","63150","Troy School District","00174","Baker Middle School","63","Oakland","LEA School","Middle School","City: Small","8","EBRW","Male","English Learners","*","*","*","*"
"20 - 21 School Year","PSAT","63","Oakland Schools","63150","Troy School District","00174","Baker Middle School","63","Oakland","LEA School","Middle School","City: Small","8","EBRW","Asian","Not English Learners","84.9","13.2","<=10%","<=10%"
"20 - 21 School Year","PSAT","63","Oakland Schools","63150","Troy School District","00174","Baker Middle School","63","Oakland","LEA School","Middle School","City: Small","8","EBRW","White, not of Hispanic origin","Male","68.2","<=20%","<=20%","<=20%"
"20 - 21 School Year","PSAT","63","Oakland Schools","63150","Troy School District","00174","Baker Middle School","63","Oakland","LEA School","Middle School","City: Small","8","EBRW","Black, not of Hispanic origin","Not English Learners","*","*","*","*"
"20 - 21 School Year","PSAT","63","Oakland Schools","63150","Troy School District","00174","Baker Middle School","63","Oakland","LEA School","Middle School","City: Small","8","EBRW","Two or More Races","Not English Learners","*","*","*","*"
"20 - 21 School Year","PSAT","63","Oakland Schools","63150","Troy School District","00174","Baker Middle School","63","Oakland","LEA School","Middle School","City: Small","8","EBRW","White, not of Hispanic origin","English Learners","*","*","*","*"
"20 - 21 School Year","PSAT","63","Oakland Schools","63150","Troy School District","00174","Baker Middle School","63","Oakland","LEA School","Middle School","City: Small","8","EBRW","White, not of Hispanic origin","Not English Learners","76.9","15.4","<=10%","<=10%"
"20 - 21 School Year","PSAT","63","Oakland Schools","63150","Troy School District","00174","Baker Middle School","63","Oakland","LEA School","Middle School","City: Small","8","EBRW","Black, not of Hispanic origin","Female","*","*","*","*"
"20 - 21 School Year","PSAT","63","Oakland Schools","63150","Troy School District","00174","Baker Middle School","63","Oakland","LEA School","Middle School","City: Small","8","EBRW","Two or More Races","Female","*","*","*","*"
"20 - 21 School Year","PSAT","63","Oakland Schools","63150","Troy School District","00174","Baker Middle School","63","Oakland","LEA School","Middle School","City: Small","8","EBRW","Male","Students with Disabilities","*","*","*","*"
"20 - 21 School Year","PSAT","63","Oakland Schools","63150","Troy School District","00174","Baker Middle School","63","Oakland","LEA School","Middle School","City: Small","8","EBRW","Two or More Races","Students without IEP","*","*","*","*"
"20 - 21 School Year","PSAT","63","Oakland Schools","63150","Troy School District","00174","Baker Middle School","63","Oakland","LEA School","Middle School","City: Small","8","EBRW","Hispanic","Students without IEP","*","*","*","*"
"20 - 21 School Year","PSAT","63","Oakland Schools","63150","Troy School District","00174","Baker Middle School","63","Oakland","LEA School","Middle School","City: Small","8","EBRW","Asian","Male","71.0","19.4","<=10%","<=10%"
"20 - 21 School Year","PSAT","63","Oakland Schools","63150","Troy School District","00174","Baker Middle School","63","Oakland","LEA School","Middle School","City: Small","8","EBRW","Male","Not English Learners","72.7","18.2","<=10%","<=10%"
"20 - 21 School Year","PSAT","63","Oakland Schools","63150","Troy School District","00174","Baker Middle School","63","Oakland","LEA School","Middle School","City: Small","8","EBRW","Black, not of Hispanic origin","Students with Disabilities","*","*","*","*"
"20 - 21 School Year","PSAT","63","Oakland Schools","63150","Troy School District","00174","Baker Middle School","63","Oakland","LEA School","Middle School","City: Small","8","EBRW","Two or More Races","Male","*","*","*","*"
"20 - 21 School Year","PSAT","63","Oakland Schools","63150","Troy School District","00174","Baker Middle School","63","Oakland","LEA School","Middle School","City: Small","8","EBRW","Asian","Female",">=80%","<=20%","<=20%","<=20%"
"20 - 21 School Year","PSAT","63","Oakland Schools","63150","Troy School District","00174","Baker Middle School","63","Oakland","LEA School","Middle School","City: Small","8","EBRW","Female","Students without IEP","82.3","14.5","<=5%","<=5%"
"20 - 21 School Year","PSAT","63","Oakland Schools","63150","Troy School District","00174","Baker Middle School","63","Oakland","LEA School","Middle School","City: Small","8","EBRW","Hispanic","Not English Learners","*","*","*","*"
"20 - 21 School Year","PSAT","63","Oakland Schools","63150","Troy School District","00174","Baker Middle School","63","Oakland","LEA School","Middle School","City: Small","8","EBRW","Students without IEP","English Learners","*","*","*","*"
"20 - 21 School Year","PSAT","63","Oakland Schools","63150","Troy School District","00174","Baker Middle School","63","Oakland","LEA School","Middle School","City: Small","8","EBRW","Asian","English Learners","*","*","*","*"
"20 - 21 School Year","PSAT","63","Oakland Schools","63150","Troy School District","00174","Baker Middle School","63","Oakland","LEA School","Middle School","City: Small","8","EBRW","Black, not of Hispanic origin","Students without IEP","*","*","*","*"
"20 - 21 School Year","PSAT","63","Oakland Schools","63150","Troy School District","00174","Baker Middle School","63","Oakland","LEA School","Middle School","City: Small","8","EBRW","White, not of Hispanic origin","Students with Disabilities","*","*","*","*"
"20 - 21 School Year","PSAT","63","Oakland Schools","63150","Troy School District","00174","Baker Middle School","63","Oakland","LEA School","Middle School","City: Small","8","EBRW","White, not of Hispanic origin","Female","78.8","15.2","<=10%","<=10%"
"20 - 21 School Year","PSAT","63","Oakland Schools","63150","Troy School District","00174","Baker Middle School","63","Oakland","LEA School","Middle School","City: Small","8","EBRW","Black, not of Hispanic origin","Male","*","*","*","*"
"20 - 21 School Year","PSAT","63","Oakland Schools","63150","Troy School District","00174","Baker Middle School","63","Oakland","LEA School","Middle School","City: Small","8","EBRW","Hispanic","Male","*","*","*","*"
"20 - 21 School Year","PSAT","63","Oakland Schools","63150","Troy School District","00174","Baker Middle School","63","Oakland","LEA School","Middle School","City: Small","8","EBRW","Female","English Learners","*","*","*","*"
"20 - 21 School Year","PSAT","63","Oakland Schools","63150","Troy School District","05413","Smith Middle School","63","Oakland","LEA School","Middle School","City: Small","8","EBRW","White, not of Hispanic origin","Female","69.2","<=20%","<=20%","<=20%"
"20 - 21 School Year","PSAT","63","Oakland Schools","63150","Troy School District","05413","Smith Middle School","63","Oakland","LEA School","Middle School","City: Small","8","EBRW","Hispanic","Female","*","*","*","*"
"20 - 21 School Year","PSAT","63","Oakland Schools","63150","Troy School District","05413","Smith Middle School","63","Oakland","LEA School","Middle School","City: Small","8","EBRW","Asian","Students without IEP","79.7","11.9","<=10%","<=10%"
"20 - 21 School Year","PSAT","63","Oakland Schools","63150","Troy School District","05413","Smith Middle School","63","Oakland","LEA School","Middle School","City: Small","8","EBRW","Female","English Learners","*","*","*","*"
"20 - 21 School Year","PSAT","63","Oakland Schools","63150","Troy School District","05413","Smith Middle School","63","Oakland","LEA School","Middle School","City: Small","8","EBRW","Students without IEP","Not English Learners","80.3","12.0","5.1","<=5%"
"20 - 21 School Year","PSAT","63","Oakland Schools","63150","Troy School District","05413","Smith Middle School","63","Oakland","LEA School","Middle School","City: Small","8","EBRW","Asian","Not English Learners","88.7","<=10%","<=10%","<=10%"
"20 - 21 School Year","PSAT","63","Oakland Schools","63150","Troy School District","05413","Smith Middle School","63","Oakland","LEA School","Middle School","City: Small","8","EBRW","Black, not of Hispanic origin","Male","*","*","*","*"
"20 - 21 School Year","PSAT","63","Oakland Schools","63150","Troy School District","05413","Smith Middle School","63","Oakland","LEA School","Middle School","City: Small","8","EBRW","White, not of Hispanic origin","Students without IEP","71.4","14.3","<=10%","<=10%"
"20 - 21 School Year","PSAT","63","Oakland Schools","63150","Troy School District","05413","Smith Middle School","63","Oakland","LEA School","Middle School","City: Small","8","EBRW","Hispanic","Students without IEP","*","*","*","*"
"20 - 21 School Year","PSAT","63","Oakland Schools","63150","Troy School District","05413","Smith Middle School","63","Oakland","LEA School","Middle School","City: Small","8","EBRW","Male","Students with Disabilities","*","*","*","*"
"20 - 21 School Year","PSAT","63","Oakland Schools","63150","Troy School District","05413","Smith Middle School","63","Oakland","LEA School","Middle School","City: Small","8","EBRW","Two or More Races","Students with Disabilities","*","*","*","*"
"20 - 21 School Year","PSAT","63","Oakland Schools","63150","Troy School District","05413","Smith Middle School","63","Oakland","LEA School","Middle School","City: Small","8","EBRW","Black, not of Hispanic origin","Female","*","*","*","*"
"20 - 21 School Year","PSAT","63","Oakland Schools","63150","Troy School District","05413","Smith Middle School","63","Oakland","LEA School","Middle School","City: Small","8","EBRW","Asian","English Learners","*","*","*","*"
"20 - 21 School Year","PSAT","63","Oakland Schools","63150","Troy School District","05413","Smith Middle School","63","Oakland","LEA School","Middle School","City: Small","8","EBRW","Male","English Learners","*","*","*","*"
"20 - 21 School Year","PSAT","63","Oakland Schools","63150","Troy School District","05413","Smith Middle School","63","Oakland","LEA School","Middle School","City: Small","8","EBRW","Female","Not English Learners","81.4","10.2","<=10%","<=10%"
"20 - 21 School Year","PSAT","63","Oakland Schools","63150","Troy School District","05413","Smith Middle School","63","Oakland","LEA School","Middle School","City: Small","8","EBRW","Black, not of Hispanic origin","Not English Learners","*","*","*","*"
"20 - 21 School Year","PSAT","63","Oakland Schools","63150","Troy School District","05413","Smith Middle School","63","Oakland","LEA School","Middle School","City: Small","8","EBRW","Two or More Races","Not English Learners","*","*","*","*"
"20 - 21 School Year","PSAT","63","Oakland Schools","63150","Troy School District","05413","Smith Middle School","63","Oakland","LEA School","Middle School","City: Small","8","EBRW","Students with Disabilities","Not English Learners","*","*","*","*"
"20 - 21 School Year","PSAT","63","Oakland Schools","63150","Troy School District","05413","Smith Middle School","63","Oakland","LEA School","Middle School","City: Small","8","EBRW","Students with Disabilities","English Learners","*","*","*","*"
"20 - 21 School Year","PSAT","63","Oakland Schools","63150","Troy School District","05413","Smith Middle School","63","Oakland","LEA School","Middle School","City: Small","8","EBRW","Asian","Female","75.8","15.2","<=10%","<=10%"
"20 - 21 School Year","PSAT","63","Oakland Schools","63150","Troy School District","05413","Smith Middle School","63","Oakland","LEA School","Middle School","City: Small","8","EBRW","Hispanic","Not English Learners","*","*","*","*"
"20 - 21 School Year","PSAT","63","Oakland Schools","63150","Troy School District","05413","Smith Middle School","63","Oakland","LEA School","Middle School","City: Small","8","EBRW","Students without IEP","English Learners","*","*","*","*"
"20 - 21 School Year","PSAT","63","Oakland Schools","63150","Troy School District","05413","Smith Middle School","63","Oakland","LEA School","Middle School","City: Small","8","EBRW","White, not of Hispanic origin","English Learners","*","*","*","*"
"20 - 21 School Year","PSAT","63","Oakland Schools","63150","Troy School District","05413","Smith Middle School","63","Oakland","LEA School","Middle School","City: Small","8","EBRW","Female","Students without IEP","73.8","12.3","9.2","<=5%"
"20 - 21 School Year","PSAT","63","Oakland Schools","63150","Troy School District","05413","Smith Middle School","63","Oakland","LEA School","Middle School","City: Small","8","EBRW","White, not of Hispanic origin","Not English Learners","71.9","14.0","<=10%","<=10%"
"20 - 21 School Year","PSAT","63","Oakland Schools","63150","Troy School District","05413","Smith Middle School","63","Oakland","LEA School","Middle School","City: Small","8","EBRW","Male","Students without IEP","78.3","13.3","<=10%","<=10%"
"20 - 21 School Year","PSAT","63","Oakland Schools","63150","Troy School District","05413","Smith Middle School","63","Oakland","LEA School","Middle School","City: Small","8","EBRW","White, not of Hispanic origin","Male","72.7","15.2","<=10%","<=10%"
"20 - 21 School Year","PSAT","63","Oakland Schools","63150","Troy School District","05413","Smith Middle School","63","Oakland","LEA School","Middle School","City: Small","8","EBRW","Two or More Races","Students without IEP","*","*","*","*"
"20 - 21 School Year","PSAT","63","Oakland Schools","63150","Troy School District","05413","Smith Middle School","63","Oakland","LEA School","Middle School","City: Small","8","EBRW","Two or More Races","Female","*","*","*","*"
"20 - 21 School Year","PSAT","63","Oakland Schools","63150","Troy School District","05413","Smith Middle School","63","Oakland","LEA School","Middle School","City: Small","8","EBRW","Black, not of Hispanic origin","Students without IEP","*","*","*","*"
"20 - 21 School Year","PSAT","63","Oakland Schools","63150","Troy School District","05413","Smith Middle School","63","Oakland","LEA School","Middle School","City: Small","8","EBRW","Asian","Male",">=80%","<=20%","<=20%","<=20%"
"20 - 21 School Year","PSAT","63","Oakland Schools","63150","Troy School District","05413","Smith Middle School","63","Oakland","LEA School","Middle School","City: Small","8","EBRW","Two or More Races","Male","*","*","*","*"
"20 - 21 School Year","PSAT","63","Oakland Schools","63150","Troy School District","05413","Smith Middle School","63","Oakland","LEA School","Middle School","City: Small","8","EBRW","Asian","Students with Disabilities","*","*","*","*"
"20 - 21 School Year","PSAT","63","Oakland Schools","63150","Troy School District","05413","Smith Middle School","63","Oakland","LEA School","Middle School","City: Small","8","EBRW","White, not of Hispanic origin","Students with Disabilities","*","*","*","*"
"20 - 21 School Year","PSAT","63","Oakland Schools","63150","Troy School District","05413","Smith Middle School","63","Oakland","LEA School","Middle School","City: Small","8","EBRW","Male","Not English Learners","77.4","14.5","<=5%","<=5%"
"20 - 21 School Year","PSAT","63","Oakland Schools","63150","Troy School District","06366","Larson Middle School","63","Oakland","LEA School","Middle School","City: Small","8","EBRW","Asian","Students without IEP","78.0","14.6","<=10%","<=10%"
"20 - 21 School Year","PSAT","63","Oakland Schools","63150","Troy School District","06366","Larson Middle School","63","Oakland","LEA School","Middle School","City: Small","8","EBRW","White, not of Hispanic origin","Male","64.7","23.5","<=10%","<=10%"
"20 - 21 School Year","PSAT","63","Oakland Schools","63150","Troy School District","06366","Larson Middle School","63","Oakland","LEA School","Middle School","City: Small","8","EBRW","Hispanic","Female","*","*","*","*"
"20 - 21 School Year","PSAT","63","Oakland Schools","63150","Troy School District","06366","Larson Middle School","63","Oakland","LEA School","Middle School","City: Small","8","EBRW","Hispanic","Students with Disabilities","*","*","*","*"
"20 - 21 School Year","PSAT","63","Oakland Schools","63150","Troy School District","06366","Larson Middle School","63","Oakland","LEA School","Middle School","City: Small","8","EBRW","Students without IEP","Not English Learners","71.7","19.2","6.7","<=5%"
"20 - 21 School Year","PSAT","63","Oakland Schools","63150","Troy School District","06366","Larson Middle School","63","Oakland","LEA School","Middle School","City: Small","8","EBRW","Female","English Learners","*","*","*","*"
"20 - 21 School Year","PSAT","63","Oakland Schools","63150","Troy School District","06366","Larson Middle School","63","Oakland","LEA School","Middle School","City: Small","8","EBRW","White, not of Hispanic origin","Not English Learners","69.6","19.0","7.6","<=5%"
"20 - 21 School Year","PSAT","63","Oakland Schools","63150","Troy School District","06366","Larson Middle School","63","Oakland","LEA School","Middle School","City: Small","8","EBRW","Students without IEP","English Learners","*","*","*","*"
"20 - 21 School Year","PSAT","63","Oakland Schools","63150","Troy School District","06366","Larson Middle School","63","Oakland","LEA School","Middle School","City: Small","8","EBRW","Hispanic","Not English Learners","*","*","*","*"
"20 - 21 School Year","PSAT","63","Oakland Schools","63150","Troy School District","06366","Larson Middle School","63","Oakland","LEA School","Middle School","City: Small","8","EBRW","Hispanic","Students without IEP","*","*","*","*"
"20 - 21 School Year","PSAT","63","Oakland Schools","63150","Troy School District","06366","Larson Middle School","63","Oakland","LEA School","Middle School","City: Small","8","EBRW","Two or More Races","Students without IEP","*","*","*","*"
"20 - 21 School Year","PSAT","63","Oakland Schools","63150","Troy School District","06366","Larson Middle School","63","Oakland","LEA School","Middle School","City: Small","8","EBRW","Male","Students with Disabilities","*","*","*","*"
"20 - 21 School Year","PSAT","63","Oakland Schools","63150","Troy School District","06366","Larson Middle School","63","Oakland","LEA School","Middle School","City: Small","8","EBRW","Two or More Races","Female","*","*","*","*"
"20 - 21 School Year","PSAT","63","Oakland Schools","63150","Troy School District","06366","Larson Middle School","63","Oakland","LEA School","Middle School","City: Small","8","EBRW","Two or More Races","Male","*","*","*","*"
"20 - 21 School Year","PSAT","63","Oakland Schools","63150","Troy School District","06366","Larson Middle School","63","Oakland","LEA School","Middle School","City: Small","8","EBRW","Asian","Male","76.2","<=20%","<=20%","<=20%"
"20 - 21 School Year","PSAT","63","Oakland Schools","63150","Troy School District","06366","Larson Middle School","63","Oakland","LEA School","Middle School","City: Small","8","EBRW","White, not of Hispanic origin","Students without IEP","68.5","20.5","8.2","<=5%"
"20 - 21 School Year","PSAT","63","Oakland Schools","63150","Troy School District","06366","Larson Middle School","63","Oakland","LEA School","Middle School","City: Small","8","EBRW","Hispanic","Male","*","*","*","*"
"20 - 21 School Year","PSAT","63","Oakland Schools","63150","Troy School District","06366","Larson Middle School","63","Oakland","LEA School","Middle School","City: Small","8","EBRW","Female","Students without IEP","71.8","19.7","5.6","<=5%"
"20 - 21 School Year","PSAT","63","Oakland Schools","63150","Troy School District","06366","Larson Middle School","63","Oakland","LEA School","Middle School","City: Small","8","EBRW","Asian","Female",">=80%","<=20%","<=20%","<=20%"
"20 - 21 School Year","PSAT","63","Oakland Schools","63150","Troy School District","06366","Larson Middle School","63","Oakland","LEA School","Middle School","City: Small","8","EBRW","Male","Students without IEP","67.3","21.2","<=10%","<=10%"
"20 - 21 School Year","PSAT","63","Oakland Schools","63150","Troy School District","06366","Larson Middle School","63","Oakland","LEA School","Middle School","City: Small","8","EBRW","Female","Not English Learners","72.9","18.6","5.7","<=5%"
"20 - 21 School Year","PSAT","63","Oakland Schools","63150","Troy School District","06366","Larson Middle School","63","Oakland","LEA School","Middle School","City: Small","8","EBRW","Black, not of Hispanic origin","Female","*","*","*","*"
"20 - 21 School Year","PSAT","63","Oakland Schools","63150","Troy School District","06366","Larson Middle School","63","Oakland","LEA School","Middle School","City: Small","8","EBRW","Black, not of Hispanic origin","Students without IEP","*","*","*","*"
"20 - 21 School Year","PSAT","63","Oakland Schools","63150","Troy School District","06366","Larson Middle School","63","Oakland","LEA School","Middle School","City: Small","8","EBRW","White, not of Hispanic origin","Students with Disabilities","*","*","*","*"
"20 - 21 School Year","PSAT","63","Oakland Schools","63150","Troy School District","06366","Larson Middle School","63","Oakland","LEA School","Middle School","City: Small","8","EBRW","Black, not of Hispanic origin","Not English Learners","*","*","*","*"
"20 - 21 School Year","PSAT","63","Oakland Schools","63150","Troy School District","06366","Larson Middle School","63","Oakland","LEA School","Middle School","City: Small","8","EBRW","Students with Disabilities","Not English Learners","*","*","*","*"
"20 - 21 School Year","PSAT","63","Oakland Schools","63150","Troy School District","06366","Larson Middle School","63","Oakland","LEA School","Middle School","City: Small","8","EBRW","Hispanic","English Learners","*","*","*","*"
"20 - 21 School Year","PSAT","63","Oakland Schools","63150","Troy School District","06366","Larson Middle School","63","Oakland","LEA School","Middle School","City: Small","8","EBRW","Two or More Races","Not English Learners","*","*","*","*"
"20 - 21 School Year","PSAT","63","Oakland Schools","63150","Troy School District","06366","Larson Middle School","63","Oakland","LEA School","Middle School","City: Small","8","EBRW","Male","Not English Learners","70.2","17.5","<=10%","<=10%"
"20 - 21 School Year","PSAT","63","Oakland Schools","63150","Troy School District","06366","Larson Middle School","63","Oakland","LEA School","Middle School","City: Small","8","EBRW","Asian","Not English Learners","82.1","12.8","<=10%","<=10%"
"20 - 21 School Year","PSAT","63","Oakland Schools","63150","Troy School District","06366","Larson Middle School","63","Oakland","LEA School","Middle School","City: Small","8","EBRW","Asian","English Learners","*","*","*","*"
"20 - 21 School Year","PSAT","63","Oakland Schools","63150","Troy School District","06366","Larson Middle School","63","Oakland","LEA School","Middle School","City: Small","8","EBRW","Male","English Learners","*","*","*","*"
"20 - 21 School Year","PSAT","63","Oakland Schools","63150","Troy School District","06366","Larson Middle School","63","Oakland","LEA School","Middle School","City: Small","8","EBRW","White, not of Hispanic origin","Female","73.3","15.6","<=10%","<=10%"
"20 - 21 School Year","PSAT","63","Oakland Schools","63150","Troy School District","06367","Boulan Park Middle School","63","Oakland","LEA School","Middle School","City: Small","8","EBRW","White, not of Hispanic origin","Students with Disabilities","*","*","*","*"
"20 - 21 School Year","PSAT","63","Oakland Schools","63150","Troy School District","06367","Boulan Park Middle School","63","Oakland","LEA School","Middle School","City: Small","8","EBRW","Hispanic","Students with Disabilities","*","*","*","*"
"20 - 21 School Year","PSAT","63","Oakland Schools","63150","Troy School District","06367","Boulan Park Middle School","63","Oakland","LEA School","Middle School","City: Small","8","EBRW","Black, not of Hispanic origin","Students without IEP","*","*","*","*"
"20 - 21 School Year","PSAT","63","Oakland Schools","63150","Troy School District","06367","Boulan Park Middle School","63","Oakland","LEA School","Middle School","City: Small","8","EBRW","White, not of Hispanic origin","Female",">=80%","<=20%","<=20%","<=20%"
"20 - 21 School Year","PSAT","63","Oakland Schools","63150","Troy School District","06367","Boulan Park Middle School","63","Oakland","LEA School","Middle School","City: Small","8","EBRW","White, not of Hispanic origin","Male","60.0","<=20%","25.0","<=20%"
"20 - 21 School Year","PSAT","63","Oakland Schools","63150","Troy School District","06367","Boulan Park Middle School","63","Oakland","LEA School","Middle School","City: Small","8","EBRW","White, not of Hispanic origin","Students without IEP","75.0","11.4","13.6","<=10%"
"20 - 21 School Year","PSAT","63","Oakland Schools","63150","Troy School District","06367","Boulan Park Middle School","63","Oakland","LEA School","Middle School","City: Small","8","EBRW","Hispanic","Not English Learners","*","*","*","*"
"20 - 21 School Year","PSAT","63","Oakland Schools","63150","Troy School District","06367","Boulan Park Middle School","63","Oakland","LEA School","Middle School","City: Small","8","EBRW","Students without IEP","English Learners","<=50%","<=50%","<=50%","<=50%"
"20 - 21 School Year","PSAT","63","Oakland Schools","63150","Troy School District","06367","Boulan Park Middle School","63","Oakland","LEA School","Middle School","City: Small","8","EBRW","Black, not of Hispanic origin","Students with Disabilities","*","*","*","*"
"20 - 21 School Year","PSAT","63","Oakland Schools","63150","Troy School District","06367","Boulan Park Middle School","63","Oakland","LEA School","Middle School","City: Small","8","EBRW","Black, not of Hispanic origin","Female","*","*","*","*"
"20 - 21 School Year","PSAT","63","Oakland Schools","63150","Troy School District","06367","Boulan Park Middle School","63","Oakland","LEA School","Middle School","City: Small","8","EBRW","Asian","Male","87.7","7.7","<=5%","<=5%"
"20 - 21 School Year","PSAT","63","Oakland Schools","63150","Troy School District","06367","Boulan Park Middle School","63","Oakland","LEA School","Middle School","City: Small","8","EBRW","Black, not of Hispanic origin","Not English Learners","*","*","*","*"
"20 - 21 School Year","PSAT","63","Oakland Schools","63150","Troy School District","06367","Boulan Park Middle School","63","Oakland","LEA School","Middle School","City: Small","8","EBRW","Hispanic","Students without IEP","*","*","*","*"
"20 - 21 School Year","PSAT","63","Oakland Schools","63150","Troy School District","06367","Boulan Park Middle School","63","Oakland","LEA School","Middle School","City: Small","8","EBRW","Two or More Races","Students without IEP","*","*","*","*"
"20 - 21 School Year","PSAT","63","Oakland Schools","63150","Troy School District","06367","Boulan Park Middle School","63","Oakland","LEA School","Middle School","City: Small","8","EBRW","Male","Students with Disabilities","*","*","*","*"
"20 - 21 School Year","PSAT","63","Oakland Schools","63150","Troy School District","06367","Boulan Park Middle School","63","Oakland","LEA School","Middle School","City: Small","8","EBRW","Two or More Races","Female","*","*","*","*"
"20 - 21 School Year","PSAT","63","Oakland Schools","63150","Troy School District","06367","Boulan Park Middle School","63","Oakland","LEA School","Middle School","City: Small","8","EBRW","Female","Not English Learners","91.3","5.4","<=5%","<=5%"
"20 - 21 School Year","PSAT","63","Oakland Schools","63150","Troy School District","06367","Boulan Park Middle School","63","Oakland","LEA School","Middle School","City: Small","8","EBRW","Female","English Learners","*","*","*","*"
"20 - 21 School Year","PSAT","63","Oakland Schools","63150","Troy School District","06367","Boulan Park Middle School","63","Oakland","LEA School","Middle School","City: Small","8","EBRW","Asian","Students without IEP","89.8","5.5","<=5%","<=5%"
"20 - 21 School Year","PSAT","63","Oakland Schools","63150","Troy School District","06367","Boulan Park Middle School","63","Oakland","LEA School","Middle School","City: Small","8","EBRW","Hispanic","Female","*","*","*","*"
"20 - 21 School Year","PSAT","63","Oakland Schools","63150","Troy School District","06367","Boulan Park Middle School","63","Oakland","LEA School","Middle School","City: Small","8","EBRW","Two or More Races","Not English Learners","*","*","*","*"
"20 - 21 School Year","PSAT","63","Oakland Schools","63150","Troy School District","06367","Boulan Park Middle School","63","Oakland","LEA School","Middle School","City: Small","8","EBRW","Students without IEP","Not English Learners","91.7","<=5%","<=5%","<=5%"
"20 - 21 School Year","PSAT","63","Oakland Schools","63150","Troy School District","06367","Boulan Park Middle School","63","Oakland","LEA School","Middle School","City: Small","8","EBRW","Asian","English Learners","<=50%","<=50%","<=50%","<=50%"
"20 - 21 School Year","PSAT","63","Oakland Schools","63150","Troy School District","06367","Boulan Park Middle School","63","Oakland","LEA School","Middle School","City: Small","8","EBRW","Male","Not English Learners","88.9","<=5%","6.2","<=5%"
"20 - 21 School Year","PSAT","63","Oakland Schools","63150","Troy School District","06367","Boulan Park Middle School","63","Oakland","LEA School","Middle School","City: Small","8","EBRW","Students with Disabilities","Not English Learners","*","*","*","*"
"20 - 21 School Year","PSAT","63","Oakland Schools","63150","Troy School District","06367","Boulan Park Middle School","63","Oakland","LEA School","Middle School","City: Small","8","EBRW","Hispanic","Male","*","*","*","*"
"20 - 21 School Year","PSAT","63","Oakland Schools","63150","Troy School District","06367","Boulan Park Middle School","63","Oakland","LEA School","Middle School","City: Small","8","EBRW","Male","Students without IEP","83.5","8.2","5.9","<=5%"
"20 - 21 School Year","PSAT","63","Oakland Schools","63150","Troy School District","06367","Boulan Park Middle School","63","Oakland","LEA School","Middle School","City: Small","8","EBRW","Male","English Learners","*","*","*","*"
"20 - 21 School Year","PSAT","63","Oakland Schools","63150","Troy School District","06367","Boulan Park Middle School","63","Oakland","LEA School","Middle School","City: Small","8","EBRW","White, not of Hispanic origin","Not English Learners","71.7","13.0","15.2","<=10%"
"20 - 21 School Year","PSAT","63","Oakland Schools","63150","Troy School District","06367","Boulan Park Middle School","63","Oakland","LEA School","Middle School","City: Small","8","EBRW","Asian","Not English Learners",">=95%","<=5%","<=5%","<=5%"
"20 - 21 School Year","PSAT","63","Oakland Schools","63150","Troy School District","06367","Boulan Park Middle School","63","Oakland","LEA School","Middle School","City: Small","8","EBRW","Two or More Races","Male","*","*","*","*"
"20 - 21 School Year","PSAT","63","Oakland Schools","63150","Troy School District","06367","Boulan Park Middle School","63","Oakland","LEA School","Middle School","City: Small","8","EBRW","Female","Students with Disabilities","*","*","*","*"
"20 - 21 School Year","PSAT","63","Oakland Schools","63150","Troy School District","06367","Boulan Park Middle School","63","Oakland","LEA School","Middle School","City: Small","8","EBRW","Asian","Female","91.9","<=5%","<=5%","<=5%"
"20 - 21 School Year","PSAT","63","Oakland Schools","63150","Troy School District","06367","Boulan Park Middle School","63","Oakland","LEA School","Middle School","City: Small","8","EBRW","Female","Students without IEP","89.4","5.3","<=5%","<=5%"
"20 - 21 School Year","PSAT","63","Oakland Schools","63150","Troy School District","08286","Troy College and Career High School","63","Oakland","LEA School","Middle_High School","City: Small","8","EBRW","Male","Students without IEP","*","*","*","*"
"20 - 21 School Year","PSAT","63","Oakland Schools","63150","Troy School District","08286","Troy College and Career High School","63","Oakland","LEA School","Middle_High School","City: Small","8","EBRW","Students without IEP","Not English Learners","*","*","*","*"
"20 - 21 School Year","PSAT","63","Oakland Schools","63150","Troy School District","08286","Troy College and Career High School","63","Oakland","LEA School","Middle_High School","City: Small","8","EBRW","White, not of Hispanic origin","Not English Learners","*","*","*","*"
"20 - 21 School Year","PSAT","63","Oakland Schools","63150","Troy School District","08286","Troy College and Career High School","63","Oakland","LEA School","Middle_High School","City: Small","8","EBRW","Female","Students with Disabilities","*","*","*","*"
"20 - 21 School Year","PSAT","63","Oakland Schools","63150","Troy School District","08286","Troy College and Career High School","63","Oakland","LEA School","Middle_High School","City: Small","8","EBRW","Male","Students with Disabilities","*","*","*","*"
"20 - 21 School Year","PSAT","63","Oakland Schools","63150","Troy School District","08286","Troy College and Career High School","63","Oakland","LEA School","Middle_High School","City: Small","8","EBRW","Female","Not English Learners","*","*","*","*"
"20 - 21 School Year","PSAT","63","Oakland Schools","63150","Troy School District","08286","Troy College and Career High School","63","Oakland","LEA School","Middle_High School","City: Small","8","EBRW","White, not of Hispanic origin","Female","*","*","*","*"
"20 - 21 School Year","PSAT","63","Oakland Schools","63150","Troy School District","08286","Troy College and Career High School","63","Oakland","LEA School","Middle_High School","City: Small","8","EBRW","Male","Not English Learners","*","*","*","*"
"20 - 21 School Year","PSAT","63","Oakland Schools","63150","Troy School District","08286","Troy College and Career High School","63","Oakland","LEA School","Middle_High School","City: Small","8","EBRW","Students with Disabilities","Not English Learners","*","*","*","*"
"20 - 21 School Year","PSAT","63","Oakland Schools","63150","Troy School District","08286","Troy College and Career High School","63","Oakland","LEA School","Middle_High School","City: Small","8","EBRW","White, not of Hispanic origin","Students with Disabilities","*","*","*","*"
"20 - 21 School Year","PSAT","63","Oakland Schools","63150","Troy School District","08286","Troy College and Career High School","63","Oakland","LEA School","Middle_High School","City: Small","8","EBRW","White, not of Hispanic origin","Male","*","*","*","*"
"20 - 21 School Year","PSAT","63","Oakland Schools","63150","Troy School District","08286","Troy College and Career High School","63","Oakland","LEA School","Middle_High School","City: Small","8","EBRW","White, not of Hispanic origin","Students without IEP","*","*","*","*"
