SchoolYear,TestType,IsdCode,IsdName,DistrictCode,DistrictName,BuildingCode,BuildingName,CountyCode,CountyName,EntityType,SchoolLevel,Locale,MISTEM_NAME,MISTEM_CODE,Grade,Subject,Subgroup_1,Subgroup_2,EBRWPercentProficient,EBRWPercentNotProficient
"20 - 21 School Year","SAT","63","Oakland Schools","63150","Troy School District","00000","All Buildings","63","Oakland","LEA District","Elem thru High School","City: Small","Oakland Region","5","11","EBRW","Native Hawaiian or Other Pacific Islander","Female","*","*"
"20 - 21 School Year","SAT","63","Oakland Schools","63150","Troy School District","00000","All Buildings","63","Oakland","LEA District","Elem thru High School","City: Small","Oakland Region","5","11","EBRW","Female","Students with Disabilities","<=50%",">=50%"
"20 - 21 School Year","SAT","63","Oakland Schools","63150","Troy School District","00000","All Buildings","63","Oakland","LEA District","Elem thru High School","City: Small","Oakland Region","5","11","EBRW","Female","Students without IEP","85.4","14.6"
"20 - 21 School Year","SAT","63","Oakland Schools","63150","Troy School District","00000","All Buildings","63","Oakland","LEA District","Elem thru High School","City: Small","Oakland Region","5","11","EBRW","Female","English Learners",">=50%","<=50%"
"20 - 21 School Year","SAT","63","Oakland Schools","63150","Troy School District","00000","All Buildings","63","Oakland","LEA District","Elem thru High School","City: Small","Oakland Region","5","11","EBRW","Female","Not English Learners","84.8","15.2"
"20 - 21 School Year","SAT","63","Oakland Schools","63150","Troy School District","00000","All Buildings","63","Oakland","LEA District","Elem thru High School","City: Small","Oakland Region","5","11","EBRW","Asian","Students with Disabilities","*","*"
"20 - 21 School Year","SAT","63","Oakland Schools","63150","Troy School District","00000","All Buildings","63","Oakland","LEA District","Elem thru High School","City: Small","Oakland Region","5","11","EBRW","Asian","Students without IEP","93.8","6.3"
"20 - 21 School Year","SAT","63","Oakland Schools","63150","Troy School District","00000","All Buildings","63","Oakland","LEA District","Elem thru High School","City: Small","Oakland Region","5","11","EBRW","Asian","English Learners","58.8","41.2"
"20 - 21 School Year","SAT","63","Oakland Schools","63150","Troy School District","00000","All Buildings","63","Oakland","LEA District","Elem thru High School","City: Small","Oakland Region","5","11","EBRW","Asian","Not English Learners",">=95%","<=5%"
"20 - 21 School Year","SAT","63","Oakland Schools","63150","Troy School District","00000","All Buildings","63","Oakland","LEA District","Elem thru High School","City: Small","Oakland Region","5","11","EBRW","Two or More Races","Students with Disabilities","*","*"
"20 - 21 School Year","SAT","63","Oakland Schools","63150","Troy School District","00000","All Buildings","63","Oakland","LEA District","Elem thru High School","City: Small","Oakland Region","5","11","EBRW","Two or More Races","Students without IEP",">=80%","<=20%"
"20 - 21 School Year","SAT","63","Oakland Schools","63150","Troy School District","00000","All Buildings","63","Oakland","LEA District","Elem thru High School","City: Small","Oakland Region","5","11","EBRW","Two or More Races","English Learners","*","*"
"20 - 21 School Year","SAT","63","Oakland Schools","63150","Troy School District","00000","All Buildings","63","Oakland","LEA District","Elem thru High School","City: Small","Oakland Region","5","11","EBRW","Two or More Races","Not English Learners",">=80%","<=20%"
"20 - 21 School Year","SAT","63","Oakland Schools","63150","Troy School District","00000","All Buildings","63","Oakland","LEA District","Elem thru High School","City: Small","Oakland Region","5","11","EBRW","White, not of Hispanic origin","Students with Disabilities","64.7","35.3"
"20 - 21 School Year","SAT","63","Oakland Schools","63150","Troy School District","00000","All Buildings","63","Oakland","LEA District","Elem thru High School","City: Small","Oakland Region","5","11","EBRW","White, not of Hispanic origin","Students without IEP","79.8","20.2"
"20 - 21 School Year","SAT","63","Oakland Schools","63150","Troy School District","00000","All Buildings","63","Oakland","LEA District","Elem thru High School","City: Small","Oakland Region","5","11","EBRW","White, not of Hispanic origin","English Learners","<=50%",">=50%"
"20 - 21 School Year","SAT","63","Oakland Schools","63150","Troy School District","00000","All Buildings","63","Oakland","LEA District","Elem thru High School","City: Small","Oakland Region","5","11","EBRW","White, not of Hispanic origin","Not English Learners","81.0","19.0"
"20 - 21 School Year","SAT","63","Oakland Schools","63150","Troy School District","00000","All Buildings","63","Oakland","LEA District","Elem thru High School","City: Small","Oakland Region","5","11","EBRW","Hispanic","Students with Disabilities","*","*"
"20 - 21 School Year","SAT","63","Oakland Schools","63150","Troy School District","00000","All Buildings","63","Oakland","LEA District","Elem thru High School","City: Small","Oakland Region","5","11","EBRW","Hispanic","Students without IEP","84.8","15.2"
"20 - 21 School Year","SAT","63","Oakland Schools","63150","Troy School District","00000","All Buildings","63","Oakland","LEA District","Elem thru High School","City: Small","Oakland Region","5","11","EBRW","Hispanic","English Learners","*","*"
"20 - 21 School Year","SAT","63","Oakland Schools","63150","Troy School District","00000","All Buildings","63","Oakland","LEA District","Elem thru High School","City: Small","Oakland Region","5","11","EBRW","Hispanic","Not English Learners","83.9","16.1"
"20 - 21 School Year","SAT","63","Oakland Schools","63150","Troy School District","00000","All Buildings","63","Oakland","LEA District","Elem thru High School","City: Small","Oakland Region","5","11","EBRW","Black, not of Hispanic origin","Students with Disabilities","*","*"
"20 - 21 School Year","SAT","63","Oakland Schools","63150","Troy School District","00000","All Buildings","63","Oakland","LEA District","Elem thru High School","City: Small","Oakland Region","5","11","EBRW","Black, not of Hispanic origin","Students without IEP","56.5","43.5"
"20 - 21 School Year","SAT","63","Oakland Schools","63150","Troy School District","00000","All Buildings","63","Oakland","LEA District","Elem thru High School","City: Small","Oakland Region","5","11","EBRW","Black, not of Hispanic origin","Female",">=50%","<=50%"
"20 - 21 School Year","SAT","63","Oakland Schools","63150","Troy School District","00000","All Buildings","63","Oakland","LEA District","Elem thru High School","City: Small","Oakland Region","5","11","EBRW","Hispanic","Female",">=50%","<=50%"
"20 - 21 School Year","SAT","63","Oakland Schools","63150","Troy School District","00000","All Buildings","63","Oakland","LEA District","Elem thru High School","City: Small","Oakland Region","5","11","EBRW","White, not of Hispanic origin","Female","76.8","23.2"
"20 - 21 School Year","SAT","63","Oakland Schools","63150","Troy School District","00000","All Buildings","63","Oakland","LEA District","Elem thru High School","City: Small","Oakland Region","5","11","EBRW","Two or More Races","Female",">=80%","<=20%"
"20 - 21 School Year","SAT","63","Oakland Schools","63150","Troy School District","00000","All Buildings","63","Oakland","LEA District","Elem thru High School","City: Small","Oakland Region","5","11","EBRW","Asian","Female",">=95%","<=5%"
"20 - 21 School Year","SAT","63","Oakland Schools","63150","Troy School District","00000","All Buildings","63","Oakland","LEA District","Elem thru High School","City: Small","Oakland Region","5","11","EBRW","Male","Not English Learners","86.7","13.3"
"20 - 21 School Year","SAT","63","Oakland Schools","63150","Troy School District","00000","All Buildings","63","Oakland","LEA District","Elem thru High School","City: Small","Oakland Region","5","11","EBRW","Male","English Learners","41.7","58.3"
"20 - 21 School Year","SAT","63","Oakland Schools","63150","Troy School District","00000","All Buildings","63","Oakland","LEA District","Elem thru High School","City: Small","Oakland Region","5","11","EBRW","Male","Students without IEP","84.5","15.5"
"20 - 21 School Year","SAT","63","Oakland Schools","63150","Troy School District","00000","All Buildings","63","Oakland","LEA District","Elem thru High School","City: Small","Oakland Region","5","11","EBRW","Male","Students with Disabilities","68.8","31.3"
"20 - 21 School Year","SAT","63","Oakland Schools","63150","Troy School District","00000","All Buildings","63","Oakland","LEA District","Elem thru High School","City: Small","Oakland Region","5","11","EBRW","Native Hawaiian or Other Pacific Islander","Male","*","*"
"20 - 21 School Year","SAT","63","Oakland Schools","63150","Troy School District","00000","All Buildings","63","Oakland","LEA District","Elem thru High School","City: Small","Oakland Region","5","11","EBRW","Black, not of Hispanic origin","Male","<=50%","<=50%"
"20 - 21 School Year","SAT","63","Oakland Schools","63150","Troy School District","00000","All Buildings","63","Oakland","LEA District","Elem thru High School","City: Small","Oakland Region","5","11","EBRW","Hispanic","Male",">=80%","<=20%"
"20 - 21 School Year","SAT","63","Oakland Schools","63150","Troy School District","00000","All Buildings","63","Oakland","LEA District","Elem thru High School","City: Small","Oakland Region","5","11","EBRW","White, not of Hispanic origin","Male","81.2","18.8"
"20 - 21 School Year","SAT","63","Oakland Schools","63150","Troy School District","00000","All Buildings","63","Oakland","LEA District","Elem thru High School","City: Small","Oakland Region","5","11","EBRW","Two or More Races","Male",">=50%","<=50%"
"20 - 21 School Year","SAT","63","Oakland Schools","63150","Troy School District","00000","All Buildings","63","Oakland","LEA District","Elem thru High School","City: Small","Oakland Region","5","11","EBRW","Asian","Male","90.6","9.4"
"20 - 21 School Year","SAT","63","Oakland Schools","63150","Troy School District","00000","All Buildings","63","Oakland","LEA District","Elem thru High School","City: Small","Oakland Region","5","11","EBRW","Students without IEP","Not English Learners","86.6","13.4"
"20 - 21 School Year","SAT","63","Oakland Schools","63150","Troy School District","00000","All Buildings","63","Oakland","LEA District","Elem thru High School","City: Small","Oakland Region","5","11","EBRW","Students without IEP","English Learners","51.5","48.5"
"20 - 21 School Year","SAT","63","Oakland Schools","63150","Troy School District","00000","All Buildings","63","Oakland","LEA District","Elem thru High School","City: Small","Oakland Region","5","11","EBRW","Students with Disabilities","Not English Learners","62.5","37.5"
"20 - 21 School Year","SAT","63","Oakland Schools","63150","Troy School District","00000","All Buildings","63","Oakland","LEA District","Elem thru High School","City: Small","Oakland Region","5","11","EBRW","Students with Disabilities","English Learners","*","*"
"20 - 21 School Year","SAT","63","Oakland Schools","63150","Troy School District","00000","All Buildings","63","Oakland","LEA District","Elem thru High School","City: Small","Oakland Region","5","11","EBRW","Native Hawaiian or Other Pacific Islander","Not English Learners","*","*"
"20 - 21 School Year","SAT","63","Oakland Schools","63150","Troy School District","00000","All Buildings","63","Oakland","LEA District","Elem thru High School","City: Small","Oakland Region","5","11","EBRW","Native Hawaiian or Other Pacific Islander","Students without IEP","*","*"
"20 - 21 School Year","SAT","63","Oakland Schools","63150","Troy School District","00000","All Buildings","63","Oakland","LEA District","Elem thru High School","City: Small","Oakland Region","5","11","EBRW","Black, not of Hispanic origin","Not English Learners","52.2","47.8"
"20 - 21 School Year","SAT","63","Oakland Schools","63150","Troy School District","00000","All Buildings","63","Oakland","LEA District","Elem thru High School","City: Small","Oakland Region","5","11","EBRW","Black, not of Hispanic origin","English Learners","*","*"
"20 - 21 School Year","SAT","63","Oakland Schools","63150","Troy School District","04226","Troy High School","63","Oakland","LEA School","High School","City: Small","Oakland Region","5","11","EBRW","Hispanic","Female","*","*"
"20 - 21 School Year","SAT","63","Oakland Schools","63150","Troy School District","04226","Troy High School","63","Oakland","LEA School","High School","City: Small","Oakland Region","5","11","EBRW","White, not of Hispanic origin","Female","77.8","22.2"
"20 - 21 School Year","SAT","63","Oakland Schools","63150","Troy School District","04226","Troy High School","63","Oakland","LEA School","High School","City: Small","Oakland Region","5","11","EBRW","Two or More Races","Female",">=50%","<=50%"
"20 - 21 School Year","SAT","63","Oakland Schools","63150","Troy School District","04226","Troy High School","63","Oakland","LEA School","High School","City: Small","Oakland Region","5","11","EBRW","Asian","Female",">=95%","<=5%"
"20 - 21 School Year","SAT","63","Oakland Schools","63150","Troy School District","04226","Troy High School","63","Oakland","LEA School","High School","City: Small","Oakland Region","5","11","EBRW","Male","Not English Learners","91.4","8.6"
"20 - 21 School Year","SAT","63","Oakland Schools","63150","Troy School District","04226","Troy High School","63","Oakland","LEA School","High School","City: Small","Oakland Region","5","11","EBRW","Male","English Learners",">=50%","<=50%"
"20 - 21 School Year","SAT","63","Oakland Schools","63150","Troy School District","04226","Troy High School","63","Oakland","LEA School","High School","City: Small","Oakland Region","5","11","EBRW","Male","Students without IEP","89.2","10.8"
"20 - 21 School Year","SAT","63","Oakland Schools","63150","Troy School District","04226","Troy High School","63","Oakland","LEA School","High School","City: Small","Oakland Region","5","11","EBRW","Male","Students with Disabilities","*","*"
"20 - 21 School Year","SAT","63","Oakland Schools","63150","Troy School District","04226","Troy High School","63","Oakland","LEA School","High School","City: Small","Oakland Region","5","11","EBRW","Native Hawaiian or Other Pacific Islander","Male","*","*"
"20 - 21 School Year","SAT","63","Oakland Schools","63150","Troy School District","04226","Troy High School","63","Oakland","LEA School","High School","City: Small","Oakland Region","5","11","EBRW","Black, not of Hispanic origin","Male","*","*"
"20 - 21 School Year","SAT","63","Oakland Schools","63150","Troy School District","04226","Troy High School","63","Oakland","LEA School","High School","City: Small","Oakland Region","5","11","EBRW","Hispanic","Male",">=50%","<=50%"
"20 - 21 School Year","SAT","63","Oakland Schools","63150","Troy School District","04226","Troy High School","63","Oakland","LEA School","High School","City: Small","Oakland Region","5","11","EBRW","White, not of Hispanic origin","Male","84.5","15.5"
"20 - 21 School Year","SAT","63","Oakland Schools","63150","Troy School District","04226","Troy High School","63","Oakland","LEA School","High School","City: Small","Oakland Region","5","11","EBRW","Two or More Races","Male","*","*"
"20 - 21 School Year","SAT","63","Oakland Schools","63150","Troy School District","04226","Troy High School","63","Oakland","LEA School","High School","City: Small","Oakland Region","5","11","EBRW","Asian","Male",">=95%","<=5%"
"20 - 21 School Year","SAT","63","Oakland Schools","63150","Troy School District","04226","Troy High School","63","Oakland","LEA School","High School","City: Small","Oakland Region","5","11","EBRW","Students without IEP","Not English Learners","89.9","10.1"
"20 - 21 School Year","SAT","63","Oakland Schools","63150","Troy School District","04226","Troy High School","63","Oakland","LEA School","High School","City: Small","Oakland Region","5","11","EBRW","Students without IEP","English Learners","59.1","40.9"
"20 - 21 School Year","SAT","63","Oakland Schools","63150","Troy School District","04226","Troy High School","63","Oakland","LEA School","High School","City: Small","Oakland Region","5","11","EBRW","Students with Disabilities","Not English Learners",">=50%","<=50%"
"20 - 21 School Year","SAT","63","Oakland Schools","63150","Troy School District","04226","Troy High School","63","Oakland","LEA School","High School","City: Small","Oakland Region","5","11","EBRW","Students with Disabilities","English Learners","*","*"
"20 - 21 School Year","SAT","63","Oakland Schools","63150","Troy School District","04226","Troy High School","63","Oakland","LEA School","High School","City: Small","Oakland Region","5","11","EBRW","Native Hawaiian or Other Pacific Islander","Not English Learners","*","*"
"20 - 21 School Year","SAT","63","Oakland Schools","63150","Troy School District","04226","Troy High School","63","Oakland","LEA School","High School","City: Small","Oakland Region","5","11","EBRW","Native Hawaiian or Other Pacific Islander","Students without IEP","*","*"
"20 - 21 School Year","SAT","63","Oakland Schools","63150","Troy School District","04226","Troy High School","63","Oakland","LEA School","High School","City: Small","Oakland Region","5","11","EBRW","Black, not of Hispanic origin","Not English Learners",">=50%","<=50%"
"20 - 21 School Year","SAT","63","Oakland Schools","63150","Troy School District","04226","Troy High School","63","Oakland","LEA School","High School","City: Small","Oakland Region","5","11","EBRW","Black, not of Hispanic origin","English Learners","*","*"
"20 - 21 School Year","SAT","63","Oakland Schools","63150","Troy School District","04226","Troy High School","63","Oakland","LEA School","High School","City: Small","Oakland Region","5","11","EBRW","Black, not of Hispanic origin","Students without IEP",">=50%","<=50%"
"20 - 21 School Year","SAT","63","Oakland Schools","63150","Troy School District","04226","Troy High School","63","Oakland","LEA School","High School","City: Small","Oakland Region","5","11","EBRW","Hispanic","Not English Learners",">=80%","<=20%"
"20 - 21 School Year","SAT","63","Oakland Schools","63150","Troy School District","04226","Troy High School","63","Oakland","LEA School","High School","City: Small","Oakland Region","5","11","EBRW","Hispanic","English Learners","*","*"
"20 - 21 School Year","SAT","63","Oakland Schools","63150","Troy School District","04226","Troy High School","63","Oakland","LEA School","High School","City: Small","Oakland Region","5","11","EBRW","Hispanic","Students without IEP",">=80%","<=20%"
"20 - 21 School Year","SAT","63","Oakland Schools","63150","Troy School District","04226","Troy High School","63","Oakland","LEA School","High School","City: Small","Oakland Region","5","11","EBRW","Hispanic","Students with Disabilities","*","*"
"20 - 21 School Year","SAT","63","Oakland Schools","63150","Troy School District","04226","Troy High School","63","Oakland","LEA School","High School","City: Small","Oakland Region","5","11","EBRW","White, not of Hispanic origin","Not English Learners","82.5","17.5"
"20 - 21 School Year","SAT","63","Oakland Schools","63150","Troy School District","04226","Troy High School","63","Oakland","LEA School","High School","City: Small","Oakland Region","5","11","EBRW","White, not of Hispanic origin","English Learners","*","*"
"20 - 21 School Year","SAT","63","Oakland Schools","63150","Troy School District","04226","Troy High School","63","Oakland","LEA School","High School","City: Small","Oakland Region","5","11","EBRW","White, not of Hispanic origin","Students without IEP","80.8","19.2"
"20 - 21 School Year","SAT","63","Oakland Schools","63150","Troy School District","04226","Troy High School","63","Oakland","LEA School","High School","City: Small","Oakland Region","5","11","EBRW","White, not of Hispanic origin","Students with Disabilities","*","*"
"20 - 21 School Year","SAT","63","Oakland Schools","63150","Troy School District","04226","Troy High School","63","Oakland","LEA School","High School","City: Small","Oakland Region","5","11","EBRW","Two or More Races","Not English Learners",">=80%","<=20%"
"20 - 21 School Year","SAT","63","Oakland Schools","63150","Troy School District","04226","Troy High School","63","Oakland","LEA School","High School","City: Small","Oakland Region","5","11","EBRW","Two or More Races","English Learners","*","*"
"20 - 21 School Year","SAT","63","Oakland Schools","63150","Troy School District","04226","Troy High School","63","Oakland","LEA School","High School","City: Small","Oakland Region","5","11","EBRW","Two or More Races","Students without IEP",">=80%","<=20%"
"20 - 21 School Year","SAT","63","Oakland Schools","63150","Troy School District","04226","Troy High School","63","Oakland","LEA School","High School","City: Small","Oakland Region","5","11","EBRW","Two or More Races","Students with Disabilities","*","*"
"20 - 21 School Year","SAT","63","Oakland Schools","63150","Troy School District","04226","Troy High School","63","Oakland","LEA School","High School","City: Small","Oakland Region","5","11","EBRW","Asian","Not English Learners",">=95%","<=5%"
"20 - 21 School Year","SAT","63","Oakland Schools","63150","Troy School District","04226","Troy High School","63","Oakland","LEA School","High School","City: Small","Oakland Region","5","11","EBRW","Asian","English Learners",">=50%","<=50%"
"20 - 21 School Year","SAT","63","Oakland Schools","63150","Troy School District","04226","Troy High School","63","Oakland","LEA School","High School","City: Small","Oakland Region","5","11","EBRW","Asian","Students without IEP",">=95%","<=5%"
"20 - 21 School Year","SAT","63","Oakland Schools","63150","Troy School District","04226","Troy High School","63","Oakland","LEA School","High School","City: Small","Oakland Region","5","11","EBRW","Asian","Students with Disabilities","*","*"
"20 - 21 School Year","SAT","63","Oakland Schools","63150","Troy School District","04226","Troy High School","63","Oakland","LEA School","High School","City: Small","Oakland Region","5","11","EBRW","Female","Not English Learners","87.7","12.3"
"20 - 21 School Year","SAT","63","Oakland Schools","63150","Troy School District","04226","Troy High School","63","Oakland","LEA School","High School","City: Small","Oakland Region","5","11","EBRW","Female","English Learners","<=50%","<=50%"
"20 - 21 School Year","SAT","63","Oakland Schools","63150","Troy School District","04226","Troy High School","63","Oakland","LEA School","High School","City: Small","Oakland Region","5","11","EBRW","Female","Students without IEP","87.4","12.6"
"20 - 21 School Year","SAT","63","Oakland Schools","63150","Troy School District","04226","Troy High School","63","Oakland","LEA School","High School","City: Small","Oakland Region","5","11","EBRW","Female","Students with Disabilities","*","*"
"20 - 21 School Year","SAT","63","Oakland Schools","63150","Troy School District","04226","Troy High School","63","Oakland","LEA School","High School","City: Small","Oakland Region","5","11","EBRW","Black, not of Hispanic origin","Female","*","*"
"20 - 21 School Year","SAT","63","Oakland Schools","63150","Troy School District","06393","Athens High School","63","Oakland","LEA School","High School","City: Small","Oakland Region","5","11","EBRW","Male","English Learners","<=50%",">=50%"
"20 - 21 School Year","SAT","63","Oakland Schools","63150","Troy School District","06393","Athens High School","63","Oakland","LEA School","High School","City: Small","Oakland Region","5","11","EBRW","Male","Students without IEP","79.9","20.1"
"20 - 21 School Year","SAT","63","Oakland Schools","63150","Troy School District","06393","Athens High School","63","Oakland","LEA School","High School","City: Small","Oakland Region","5","11","EBRW","Male","Students with Disabilities","*","*"
"20 - 21 School Year","SAT","63","Oakland Schools","63150","Troy School District","06393","Athens High School","63","Oakland","LEA School","High School","City: Small","Oakland Region","5","11","EBRW","Black, not of Hispanic origin","Male","*","*"
"20 - 21 School Year","SAT","63","Oakland Schools","63150","Troy School District","06393","Athens High School","63","Oakland","LEA School","High School","City: Small","Oakland Region","5","11","EBRW","Hispanic","Male","*","*"
"20 - 21 School Year","SAT","63","Oakland Schools","63150","Troy School District","06393","Athens High School","63","Oakland","LEA School","High School","City: Small","Oakland Region","5","11","EBRW","White, not of Hispanic origin","Male","79.5","20.5"
"20 - 21 School Year","SAT","63","Oakland Schools","63150","Troy School District","06393","Athens High School","63","Oakland","LEA School","High School","City: Small","Oakland Region","5","11","EBRW","Two or More Races","Male","*","*"
"20 - 21 School Year","SAT","63","Oakland Schools","63150","Troy School District","06393","Athens High School","63","Oakland","LEA School","High School","City: Small","Oakland Region","5","11","EBRW","Asian","Male","77.8","22.2"
"20 - 21 School Year","SAT","63","Oakland Schools","63150","Troy School District","06393","Athens High School","63","Oakland","LEA School","High School","City: Small","Oakland Region","5","11","EBRW","Students without IEP","Not English Learners","83.0","17.0"
"20 - 21 School Year","SAT","63","Oakland Schools","63150","Troy School District","06393","Athens High School","63","Oakland","LEA School","High School","City: Small","Oakland Region","5","11","EBRW","Students without IEP","English Learners","<=50%",">=50%"
"20 - 21 School Year","SAT","63","Oakland Schools","63150","Troy School District","06393","Athens High School","63","Oakland","LEA School","High School","City: Small","Oakland Region","5","11","EBRW","Students with Disabilities","Not English Learners","<=50%","<=50%"
"20 - 21 School Year","SAT","63","Oakland Schools","63150","Troy School District","06393","Athens High School","63","Oakland","LEA School","High School","City: Small","Oakland Region","5","11","EBRW","Students with Disabilities","English Learners","*","*"
"20 - 21 School Year","SAT","63","Oakland Schools","63150","Troy School District","06393","Athens High School","63","Oakland","LEA School","High School","City: Small","Oakland Region","5","11","EBRW","Black, not of Hispanic origin","Not English Learners","<=50%","<=50%"
"20 - 21 School Year","SAT","63","Oakland Schools","63150","Troy School District","06393","Athens High School","63","Oakland","LEA School","High School","City: Small","Oakland Region","5","11","EBRW","Black, not of Hispanic origin","Students without IEP","*","*"
"20 - 21 School Year","SAT","63","Oakland Schools","63150","Troy School District","06393","Athens High School","63","Oakland","LEA School","High School","City: Small","Oakland Region","5","11","EBRW","Black, not of Hispanic origin","Students with Disabilities","*","*"
"20 - 21 School Year","SAT","63","Oakland Schools","63150","Troy School District","06393","Athens High School","63","Oakland","LEA School","High School","City: Small","Oakland Region","5","11","EBRW","Hispanic","Not English Learners",">=50%","<=50%"
"20 - 21 School Year","SAT","63","Oakland Schools","63150","Troy School District","06393","Athens High School","63","Oakland","LEA School","High School","City: Small","Oakland Region","5","11","EBRW","Hispanic","English Learners","*","*"
"20 - 21 School Year","SAT","63","Oakland Schools","63150","Troy School District","06393","Athens High School","63","Oakland","LEA School","High School","City: Small","Oakland Region","5","11","EBRW","Hispanic","Students without IEP",">=50%","<=50%"
"20 - 21 School Year","SAT","63","Oakland Schools","63150","Troy School District","06393","Athens High School","63","Oakland","LEA School","High School","City: Small","Oakland Region","5","11","EBRW","White, not of Hispanic origin","Not English Learners","80.5","19.5"
"20 - 21 School Year","SAT","63","Oakland Schools","63150","Troy School District","06393","Athens High School","63","Oakland","LEA School","High School","City: Small","Oakland Region","5","11","EBRW","White, not of Hispanic origin","English Learners","*","*"
"20 - 21 School Year","SAT","63","Oakland Schools","63150","Troy School District","06393","Athens High School","63","Oakland","LEA School","High School","City: Small","Oakland Region","5","11","EBRW","White, not of Hispanic origin","Students without IEP","79.6","20.4"
"20 - 21 School Year","SAT","63","Oakland Schools","63150","Troy School District","06393","Athens High School","63","Oakland","LEA School","High School","City: Small","Oakland Region","5","11","EBRW","White, not of Hispanic origin","Students with Disabilities","<=50%","<=50%"
"20 - 21 School Year","SAT","63","Oakland Schools","63150","Troy School District","06393","Athens High School","63","Oakland","LEA School","High School","City: Small","Oakland Region","5","11","EBRW","Two or More Races","Not English Learners",">=50%","<=50%"
"20 - 21 School Year","SAT","63","Oakland Schools","63150","Troy School District","06393","Athens High School","63","Oakland","LEA School","High School","City: Small","Oakland Region","5","11","EBRW","Two or More Races","English Learners","*","*"
"20 - 21 School Year","SAT","63","Oakland Schools","63150","Troy School District","06393","Athens High School","63","Oakland","LEA School","High School","City: Small","Oakland Region","5","11","EBRW","Two or More Races","Students without IEP",">=50%","<=50%"
"20 - 21 School Year","SAT","63","Oakland Schools","63150","Troy School District","06393","Athens High School","63","Oakland","LEA School","High School","City: Small","Oakland Region","5","11","EBRW","Two or More Races","Students with Disabilities","*","*"
"20 - 21 School Year","SAT","63","Oakland Schools","63150","Troy School District","06393","Athens High School","63","Oakland","LEA School","High School","City: Small","Oakland Region","5","11","EBRW","Asian","Not English Learners","88.4","11.6"
"20 - 21 School Year","SAT","63","Oakland Schools","63150","Troy School District","06393","Athens High School","63","Oakland","LEA School","High School","City: Small","Oakland Region","5","11","EBRW","Asian","English Learners","*","*"
"20 - 21 School Year","SAT","63","Oakland Schools","63150","Troy School District","06393","Athens High School","63","Oakland","LEA School","High School","City: Small","Oakland Region","5","11","EBRW","Asian","Students without IEP","86.5","13.5"
"20 - 21 School Year","SAT","63","Oakland Schools","63150","Troy School District","06393","Athens High School","63","Oakland","LEA School","High School","City: Small","Oakland Region","5","11","EBRW","Asian","Students with Disabilities","*","*"
"20 - 21 School Year","SAT","63","Oakland Schools","63150","Troy School District","06393","Athens High School","63","Oakland","LEA School","High School","City: Small","Oakland Region","5","11","EBRW","Female","Not English Learners","81.0","19.0"
"20 - 21 School Year","SAT","63","Oakland Schools","63150","Troy School District","06393","Athens High School","63","Oakland","LEA School","High School","City: Small","Oakland Region","5","11","EBRW","Female","English Learners","*","*"
"20 - 21 School Year","SAT","63","Oakland Schools","63150","Troy School District","06393","Athens High School","63","Oakland","LEA School","High School","City: Small","Oakland Region","5","11","EBRW","Female","Students without IEP","82.9","17.1"
"20 - 21 School Year","SAT","63","Oakland Schools","63150","Troy School District","06393","Athens High School","63","Oakland","LEA School","High School","City: Small","Oakland Region","5","11","EBRW","Female","Students with Disabilities","*","*"
"20 - 21 School Year","SAT","63","Oakland Schools","63150","Troy School District","06393","Athens High School","63","Oakland","LEA School","High School","City: Small","Oakland Region","5","11","EBRW","Black, not of Hispanic origin","Female","*","*"
"20 - 21 School Year","SAT","63","Oakland Schools","63150","Troy School District","06393","Athens High School","63","Oakland","LEA School","High School","City: Small","Oakland Region","5","11","EBRW","Hispanic","Female","*","*"
"20 - 21 School Year","SAT","63","Oakland Schools","63150","Troy School District","06393","Athens High School","63","Oakland","LEA School","High School","City: Small","Oakland Region","5","11","EBRW","White, not of Hispanic origin","Female","76.4","23.6"
"20 - 21 School Year","SAT","63","Oakland Schools","63150","Troy School District","06393","Athens High School","63","Oakland","LEA School","High School","City: Small","Oakland Region","5","11","EBRW","Two or More Races","Female","*","*"
"20 - 21 School Year","SAT","63","Oakland Schools","63150","Troy School District","06393","Athens High School","63","Oakland","LEA School","High School","City: Small","Oakland Region","5","11","EBRW","Asian","Female",">=90%","<=10%"
"20 - 21 School Year","SAT","63","Oakland Schools","63150","Troy School District","06393","Athens High School","63","Oakland","LEA School","High School","City: Small","Oakland Region","5","11","EBRW","Male","Not English Learners","82.7","17.3"
"20 - 21 School Year","SAT","63","Oakland Schools","63150","Troy School District","08286","Troy College and Career High School","63","Oakland","LEA School","Middle_High School","City: Small","Oakland Region","5","11","EBRW","Students without IEP","Not English Learners","*","*"
"20 - 21 School Year","SAT","63","Oakland Schools","63150","Troy School District","08286","Troy College and Career High School","63","Oakland","LEA School","Middle_High School","City: Small","Oakland Region","5","11","EBRW","Students with Disabilities","Not English Learners","*","*"
"20 - 21 School Year","SAT","63","Oakland Schools","63150","Troy School District","08286","Troy College and Career High School","63","Oakland","LEA School","Middle_High School","City: Small","Oakland Region","5","11","EBRW","Native Hawaiian or Other Pacific Islander","Not English Learners","*","*"
"20 - 21 School Year","SAT","63","Oakland Schools","63150","Troy School District","08286","Troy College and Career High School","63","Oakland","LEA School","Middle_High School","City: Small","Oakland Region","5","11","EBRW","Native Hawaiian or Other Pacific Islander","Students without IEP","*","*"
"20 - 21 School Year","SAT","63","Oakland Schools","63150","Troy School District","08286","Troy College and Career High School","63","Oakland","LEA School","Middle_High School","City: Small","Oakland Region","5","11","EBRW","Asian","Male","*","*"
"20 - 21 School Year","SAT","63","Oakland Schools","63150","Troy School District","08286","Troy College and Career High School","63","Oakland","LEA School","Middle_High School","City: Small","Oakland Region","5","11","EBRW","White, not of Hispanic origin","Male","*","*"
"20 - 21 School Year","SAT","63","Oakland Schools","63150","Troy School District","08286","Troy College and Career High School","63","Oakland","LEA School","Middle_High School","City: Small","Oakland Region","5","11","EBRW","Black, not of Hispanic origin","Male","*","*"
"20 - 21 School Year","SAT","63","Oakland Schools","63150","Troy School District","08286","Troy College and Career High School","63","Oakland","LEA School","Middle_High School","City: Small","Oakland Region","5","11","EBRW","Male","Students with Disabilities","*","*"
"20 - 21 School Year","SAT","63","Oakland Schools","63150","Troy School District","08286","Troy College and Career High School","63","Oakland","LEA School","Middle_High School","City: Small","Oakland Region","5","11","EBRW","Male","Students without IEP","*","*"
"20 - 21 School Year","SAT","63","Oakland Schools","63150","Troy School District","08286","Troy College and Career High School","63","Oakland","LEA School","Middle_High School","City: Small","Oakland Region","5","11","EBRW","Male","Not English Learners","*","*"
"20 - 21 School Year","SAT","63","Oakland Schools","63150","Troy School District","08286","Troy College and Career High School","63","Oakland","LEA School","Middle_High School","City: Small","Oakland Region","5","11","EBRW","White, not of Hispanic origin","Female","*","*"
"20 - 21 School Year","SAT","63","Oakland Schools","63150","Troy School District","08286","Troy College and Career High School","63","Oakland","LEA School","Middle_High School","City: Small","Oakland Region","5","11","EBRW","Native Hawaiian or Other Pacific Islander","Female","*","*"
"20 - 21 School Year","SAT","63","Oakland Schools","63150","Troy School District","08286","Troy College and Career High School","63","Oakland","LEA School","Middle_High School","City: Small","Oakland Region","5","11","EBRW","Female","Students without IEP","*","*"
"20 - 21 School Year","SAT","63","Oakland Schools","63150","Troy School District","08286","Troy College and Career High School","63","Oakland","LEA School","Middle_High School","City: Small","Oakland Region","5","11","EBRW","Female","Not English Learners","*","*"
"20 - 21 School Year","SAT","63","Oakland Schools","63150","Troy School District","08286","Troy College and Career High School","63","Oakland","LEA School","Middle_High School","City: Small","Oakland Region","5","11","EBRW","Asian","Students with Disabilities","*","*"
"20 - 21 School Year","SAT","63","Oakland Schools","63150","Troy School District","08286","Troy College and Career High School","63","Oakland","LEA School","Middle_High School","City: Small","Oakland Region","5","11","EBRW","Asian","Not English Learners","*","*"
"20 - 21 School Year","SAT","63","Oakland Schools","63150","Troy School District","08286","Troy College and Career High School","63","Oakland","LEA School","Middle_High School","City: Small","Oakland Region","5","11","EBRW","White, not of Hispanic origin","Students without IEP","*","*"
"20 - 21 School Year","SAT","63","Oakland Schools","63150","Troy School District","08286","Troy College and Career High School","63","Oakland","LEA School","Middle_High School","City: Small","Oakland Region","5","11","EBRW","White, not of Hispanic origin","Not English Learners","*","*"
"20 - 21 School Year","SAT","63","Oakland Schools","63150","Troy School District","08286","Troy College and Career High School","63","Oakland","LEA School","Middle_High School","City: Small","Oakland Region","5","11","EBRW","Black, not of Hispanic origin","Students with Disabilities","*","*"
"20 - 21 School Year","SAT","63","Oakland Schools","63150","Troy School District","08286","Troy College and Career High School","63","Oakland","LEA School","Middle_High School","City: Small","Oakland Region","5","11","EBRW","Black, not of Hispanic origin","Students without IEP","*","*"
"20 - 21 School Year","SAT","63","Oakland Schools","63150","Troy School District","08286","Troy College and Career High School","63","Oakland","LEA School","Middle_High School","City: Small","Oakland Region","5","11","EBRW","Black, not of Hispanic origin","Not English Learners","*","*"
