SchoolYear,TestType,TestPopulation,IsdCode,IsdName,DistrictCode,DistrictName,BuildingCode,BuildingName,CountyCode,CountyName,EntityType,SchoolLevel,Locale,Grade,Subject,Subgroup_1,Subgroup_2,PercentSurpassed,PercentAttained,PercentEmergingTowards
"22 - 23 School Year","MI-Access","P","63","Oakland Schools","63150","Troy School District","00000","All Buildings","63","Oakland","LEA District","Elem thru High School","City: Small","07","ELA","White, not of Hispanic origin","Male","*","*","*"
"22 - 23 School Year","MI-Access","SI","63","Oakland Schools","63150","Troy School District","00000","All Buildings","63","Oakland","LEA District","Elem thru High School","City: Small","05","ELA","White, not of Hispanic origin","English Learners","*","*","*"
"22 - 23 School Year","MI-Access","FI","63","Oakland Schools","63150","Troy School District","04227","Troy Union Elementary School","63","Oakland","LEA School","Elementary","City: Small","04","ELA","Two or More Races","Male","*","*","*"
"22 - 23 School Year","MI-Access","P","63","Oakland Schools","63150","Troy School District","00000","All Buildings","63","Oakland","LEA District","Elem thru High School","City: Small","05","ELA","Asian","English Learners","*","*","*"
"22 - 23 School Year","MI-Access","P","63","Oakland Schools","63150","Troy School District","06364","Costello Elementary School","63","Oakland","LEA School","Elementary","City: Small","05","ELA","Male","English Learners","*","*","*"
"22 - 23 School Year","MI-Access","FI","63","Oakland Schools","63150","Troy School District","04227","Troy Union Elementary School","63","Oakland","LEA School","Elementary","City: Small","04","ELA","Two or More Races","Not English Learners","*","*","*"
"22 - 23 School Year","MI-Access","FI","63","Oakland Schools","63150","Troy School District","06939","Wass Elementary School","63","Oakland","LEA School","Elementary","City: Small","05","ELA","White, not of Hispanic origin","Not English Learners","*","*","*"
"22 - 23 School Year","MI-Access","FI","63","Oakland Schools","63150","Troy School District","00000","All Buildings","63","Oakland","LEA District","Elem thru High School","City: Small","03","ELA","Asian","English Learners","*","*","*"
"22 - 23 School Year","MI-Access","SI","63","Oakland Schools","63150","Troy School District","00000","All Buildings","63","Oakland","LEA District","Elem thru High School","City: Small","03","ELA","Asian","Male","*","*","*"
"22 - 23 School Year","MI-Access","FI","63","Oakland Schools","63150","Troy School District","04227","Troy Union Elementary School","63","Oakland","LEA School","Elementary","City: Small","03","ELA","Male","Not English Learners","*","*","*"
"22 - 23 School Year","MI-Access","FI","63","Oakland Schools","63150","Troy School District","06393","Athens High School","63","Oakland","LEA School","High School","City: Small","11","ELA","Female","Not English Learners","*","*","*"
"22 - 23 School Year","MI-Access","FI","63","Oakland Schools","63150","Troy School District","00000","All Buildings","63","Oakland","LEA District","Elem thru High School","City: Small","08","ELA","Black, not of Hispanic origin","Male","*","*","*"
"22 - 23 School Year","MI-Access","P","63","Oakland Schools","63150","Troy School District","03715","Hamilton Elementary School","63","Oakland","LEA School","Elementary","City: Small","04","ELA","Female","Not English Learners","*","*","*"
"22 - 23 School Year","MI-Access","SI","63","Oakland Schools","63150","Troy School District","05537","Wattles Elementary School","63","Oakland","LEA School","Elementary","City: Small","04","ELA","White, not of Hispanic origin","Male","*","*","*"
"22 - 23 School Year","MI-Access","SI","63","Oakland Schools","63150","Troy School District","00000","All Buildings","63","Oakland","LEA District","Elem thru High School","City: Small","07","ELA","White, not of Hispanic origin","Not English Learners","*","*","*"
"22 - 23 School Year","MI-Access","P","63","Oakland Schools","63150","Troy School District","00000","All Buildings","63","Oakland","LEA District","Elem thru High School","City: Small","06","ELA","White, not of Hispanic origin","Female","*","*","*"
"22 - 23 School Year","MI-Access","SI","63","Oakland Schools","63150","Troy School District","00000","All Buildings","63","Oakland","LEA District","Elem thru High School","City: Small","11","ELA","Black, not of Hispanic origin","Not English Learners","*","*","*"
"22 - 23 School Year","MI-Access","FI","63","Oakland Schools","63150","Troy School District","06939","Wass Elementary School","63","Oakland","LEA School","Elementary","City: Small","05","ELA","Female","Not English Learners","*","*","*"
"22 - 23 School Year","MI-Access","FI","63","Oakland Schools","63150","Troy School District","00000","All Buildings","63","Oakland","LEA District","Elem thru High School","City: Small","03","ELA","Hispanic","Male","*","*","*"
"22 - 23 School Year","MI-Access","FI","63","Oakland Schools","63150","Troy School District","00000","All Buildings","63","Oakland","LEA District","Elem thru High School","City: Small","06","ELA","Black, not of Hispanic origin","Female","*","*","*"
"22 - 23 School Year","MI-Access","FI","63","Oakland Schools","63150","Troy School District","06939","Wass Elementary School","63","Oakland","LEA School","Elementary","City: Small","05","ELA","Male","Not English Learners","*","*","*"
"22 - 23 School Year","MI-Access","FI","63","Oakland Schools","63150","Troy School District","06364","Costello Elementary School","63","Oakland","LEA School","Elementary","City: Small","05","ELA","White, not of Hispanic origin","Male","*","*","*"
"22 - 23 School Year","MI-Access","FI","63","Oakland Schools","63150","Troy School District","06393","Athens High School","63","Oakland","LEA School","High School","City: Small","11","ELA","Male","Not English Learners","*","*","*"
"22 - 23 School Year","MI-Access","FI","63","Oakland Schools","63150","Troy School District","00000","All Buildings","63","Oakland","LEA District","Elem thru High School","City: Small","08","ELA","White, not of Hispanic origin","Male","*","*","*"
"22 - 23 School Year","MI-Access","P","63","Oakland Schools","63150","Troy School District","05537","Wattles Elementary School","63","Oakland","LEA School","Elementary","City: Small","04","ELA","White, not of Hispanic origin","Not English Learners","*","*","*"
"22 - 23 School Year","MI-Access","SI","63","Oakland Schools","63150","Troy School District","03715","Hamilton Elementary School","63","Oakland","LEA School","Elementary","City: Small","04","ELA","Asian","English Learners","*","*","*"
"22 - 23 School Year","MI-Access","SI","63","Oakland Schools","63150","Troy School District","00000","All Buildings","63","Oakland","LEA District","Elem thru High School","City: Small","04","ELA","Asian","English Learners","*","*","*"
"22 - 23 School Year","MI-Access","P","63","Oakland Schools","63150","Troy School District","06366","Larson Middle School","63","Oakland","LEA School","Middle School","City: Small","06","ELA","White, not of Hispanic origin","Not English Learners","*","*","*"
"22 - 23 School Year","MI-Access","P","63","Oakland Schools","63150","Troy School District","06366","Larson Middle School","63","Oakland","LEA School","Middle School","City: Small","06","ELA","Female","Not English Learners","*","*","*"
"22 - 23 School Year","MI-Access","SI","63","Oakland Schools","63150","Troy School District","00174","Baker Middle School","63","Oakland","LEA School","Middle School","City: Small","06","ELA","Male","Not English Learners","*","*","*"
"22 - 23 School Year","MI-Access","SI","63","Oakland Schools","63150","Troy School District","06366","Larson Middle School","63","Oakland","LEA School","Middle School","City: Small","06","ELA","Asian","Male","*","*","*"
"22 - 23 School Year","MI-Access","SI","63","Oakland Schools","63150","Troy School District","00000","All Buildings","63","Oakland","LEA District","Elem thru High School","City: Small","08","ELA","White, not of Hispanic origin","Not English Learners","*","*","*"
"22 - 23 School Year","MI-Access","SI","63","Oakland Schools","63150","Troy School District","00000","All Buildings","63","Oakland","LEA District","Elem thru High School","City: Small","08","ELA","Black, not of Hispanic origin","Male","*","*","*"
"22 - 23 School Year","MI-Access","SI","63","Oakland Schools","63150","Troy School District","06366","Larson Middle School","63","Oakland","LEA School","Middle School","City: Small","08","ELA","Asian","Male","*","*","*"
"22 - 23 School Year","MI-Access","SI","63","Oakland Schools","63150","Troy School District","06366","Larson Middle School","63","Oakland","LEA School","Middle School","City: Small","08","ELA","Male","Not English Learners","*","*","*"
"22 - 23 School Year","MI-Access","FI","63","Oakland Schools","63150","Troy School District","00000","All Buildings","63","Oakland","LEA District","Elem thru High School","City: Small","06","ELA","Male","Not English Learners","*","*","*"
"22 - 23 School Year","MI-Access","P","63","Oakland Schools","63150","Troy School District","06367","Boulan Park Middle School","63","Oakland","LEA School","Middle School","City: Small","07","ELA","White, not of Hispanic origin","Male","*","*","*"
"22 - 23 School Year","MI-Access","P","63","Oakland Schools","63150","Troy School District","06367","Boulan Park Middle School","63","Oakland","LEA School","Middle School","City: Small","07","ELA","Male","Not English Learners","*","*","*"
"22 - 23 School Year","MI-Access","P","63","Oakland Schools","63150","Troy School District","06366","Larson Middle School","63","Oakland","LEA School","Middle School","City: Small","07","ELA","Male","English Learners","*","*","*"
"22 - 23 School Year","MI-Access","FI","63","Oakland Schools","63150","Troy School District","00000","All Buildings","63","Oakland","LEA District","Elem thru High School","City: Small","05","ELA","White, not of Hispanic origin","Not English Learners","*","*","*"
"22 - 23 School Year","MI-Access","P","63","Oakland Schools","63150","Troy School District","06124","Schroeder Elementary School","63","Oakland","LEA School","Elementary","City: Small","03","ELA","Female","Not English Learners","*","*","*"
"22 - 23 School Year","MI-Access","FI","63","Oakland Schools","63150","Troy School District","06393","Athens High School","63","Oakland","LEA School","High School","City: Small","11","ELA","Black, not of Hispanic origin","Female","*","*","*"
"22 - 23 School Year","MI-Access","P","63","Oakland Schools","63150","Troy School District","00000","All Buildings","63","Oakland","LEA District","Elem thru High School","City: Small","07","ELA","Asian","Not English Learners","*","*","*"
"22 - 23 School Year","MI-Access","FI","63","Oakland Schools","63150","Troy School District","00000","All Buildings","63","Oakland","LEA District","Elem thru High School","City: Small","05","ELA","White, not of Hispanic origin","Female","*","*","*"
"22 - 23 School Year","MI-Access","FI","63","Oakland Schools","63150","Troy School District","06366","Larson Middle School","63","Oakland","LEA School","Middle School","City: Small","07","ELA","Black, not of Hispanic origin","Not English Learners","*","*","*"
"22 - 23 School Year","MI-Access","FI","63","Oakland Schools","63150","Troy School District","06366","Larson Middle School","63","Oakland","LEA School","Middle School","City: Small","07","ELA","Female","Not English Learners","*","*","*"
"22 - 23 School Year","MI-Access","SI","63","Oakland Schools","63150","Troy School District","03715","Hamilton Elementary School","63","Oakland","LEA School","Elementary","City: Small","05","ELA","White, not of Hispanic origin","English Learners","*","*","*"
"22 - 23 School Year","MI-Access","SI","63","Oakland Schools","63150","Troy School District","04227","Troy Union Elementary School","63","Oakland","LEA School","Elementary","City: Small","05","ELA","White, not of Hispanic origin","Male","*","*","*"
"22 - 23 School Year","MI-Access","SI","63","Oakland Schools","63150","Troy School District","00000","All Buildings","63","Oakland","LEA District","Elem thru High School","City: Small","06","ELA","Female","Not English Learners","*","*","*"
"22 - 23 School Year","MI-Access","SI","63","Oakland Schools","63150","Troy School District","00000","All Buildings","63","Oakland","LEA District","Elem thru High School","City: Small","06","ELA","Female","English Learners","*","*","*"
"22 - 23 School Year","MI-Access","P","63","Oakland Schools","63150","Troy School District","06941","Barnard Elementary School","63","Oakland","LEA School","Elementary","City: Small","05","ELA","Asian","Male","*","*","*"
"22 - 23 School Year","MI-Access","FI","63","Oakland Schools","63150","Troy School District","06939","Wass Elementary School","63","Oakland","LEA School","Elementary","City: Small","04","ELA","Two or More Races","Female","*","*","*"
"22 - 23 School Year","MI-Access","P","63","Oakland Schools","63150","Troy School District","00000","All Buildings","63","Oakland","LEA District","Elem thru High School","City: Small","03","ELA","Male","Not English Learners","*","*","*"
"22 - 23 School Year","MI-Access","FI","63","Oakland Schools","63150","Troy School District","04227","Troy Union Elementary School","63","Oakland","LEA School","Elementary","City: Small","03","ELA","Asian","English Learners","*","*","*"
"22 - 23 School Year","MI-Access","SI","63","Oakland Schools","63150","Troy School District","06939","Wass Elementary School","63","Oakland","LEA School","Elementary","City: Small","04","ELA","Female","English Learners","*","*","*"
"22 - 23 School Year","MI-Access","FI","63","Oakland Schools","63150","Troy School District","00000","All Buildings","63","Oakland","LEA District","Elem thru High School","City: Small","08","ELA","Asian","Male","*","*","*"
"22 - 23 School Year","MI-Access","FI","63","Oakland Schools","63150","Troy School District","00000","All Buildings","63","Oakland","LEA District","Elem thru High School","City: Small","07","ELA","Black, not of Hispanic origin","Male","*","*","*"
"22 - 23 School Year","MI-Access","SI","63","Oakland Schools","63150","Troy School District","00000","All Buildings","63","Oakland","LEA District","Elem thru High School","City: Small","08","ELA","White, not of Hispanic origin","English Learners","*","*","*"
"22 - 23 School Year","MI-Access","SI","63","Oakland Schools","63150","Troy School District","00174","Baker Middle School","63","Oakland","LEA School","Middle School","City: Small","08","ELA","Asian","Male","*","*","*"
"22 - 23 School Year","MI-Access","SI","63","Oakland Schools","63150","Troy School District","00174","Baker Middle School","63","Oakland","LEA School","Middle School","City: Small","07","ELA","White, not of Hispanic origin","Not English Learners","*","*","*"
"22 - 23 School Year","MI-Access","SI","63","Oakland Schools","63150","Troy School District","06366","Larson Middle School","63","Oakland","LEA School","Middle School","City: Small","07","ELA","Asian","Male","*","*","*"
"22 - 23 School Year","MI-Access","P","63","Oakland Schools","63150","Troy School District","06367","Boulan Park Middle School","63","Oakland","LEA School","Middle School","City: Small","07","ELA","Asian","Male","*","*","*"
"22 - 23 School Year","MI-Access","SI","63","Oakland Schools","63150","Troy School District","06940","Bemis Elementary School","63","Oakland","LEA School","Elementary","City: Small","03","ELA","Asian","Male","*","*","*"
"22 - 23 School Year","MI-Access","P","63","Oakland Schools","63150","Troy School District","05537","Wattles Elementary School","63","Oakland","LEA School","Elementary","City: Small","03","ELA","Asian","English Learners","*","*","*"
"22 - 23 School Year","MI-Access","P","63","Oakland Schools","63150","Troy School District","03715","Hamilton Elementary School","63","Oakland","LEA School","Elementary","City: Small","03","ELA","Female","English Learners","*","*","*"
"22 - 23 School Year","MI-Access","FI","63","Oakland Schools","63150","Troy School District","00000","All Buildings","63","Oakland","LEA District","Elem thru High School","City: Small","04","ELA","Asian","Female","*","*","*"
"22 - 23 School Year","MI-Access","SI","63","Oakland Schools","63150","Troy School District","00000","All Buildings","63","Oakland","LEA District","Elem thru High School","City: Small","07","ELA","Asian","English Learners","*","*","*"
"22 - 23 School Year","MI-Access","SI","63","Oakland Schools","63150","Troy School District","06393","Athens High School","63","Oakland","LEA School","High School","City: Small","11","ELA","Asian","Female","*","*","*"
"22 - 23 School Year","MI-Access","FI","63","Oakland Schools","63150","Troy School District","04227","Troy Union Elementary School","63","Oakland","LEA School","Elementary","City: Small","04","ELA","Female","Not English Learners","*","*","*"
"22 - 23 School Year","MI-Access","P","63","Oakland Schools","63150","Troy School District","00000","All Buildings","63","Oakland","LEA District","Elem thru High School","City: Small","05","ELA","Male","Not English Learners","*","*","*"
"22 - 23 School Year","MI-Access","P","63","Oakland Schools","63150","Troy School District","00000","All Buildings","63","Oakland","LEA District","Elem thru High School","City: Small","06","ELA","Black, not of Hispanic origin","Female","*","*","*"
"22 - 23 School Year","MI-Access","FI","63","Oakland Schools","63150","Troy School District","00000","All Buildings","63","Oakland","LEA District","Elem thru High School","City: Small","11","ELA","Female","Not English Learners","*","*","*"
"22 - 23 School Year","MI-Access","SI","63","Oakland Schools","63150","Troy School District","00000","All Buildings","63","Oakland","LEA District","Elem thru High School","City: Small","11","ELA","Asian","English Learners","*","*","*"
"22 - 23 School Year","MI-Access","SI","63","Oakland Schools","63150","Troy School District","00000","All Buildings","63","Oakland","LEA District","Elem thru High School","City: Small","11","ELA","Black, not of Hispanic origin","Female","*","*","*"
"22 - 23 School Year","MI-Access","FI","63","Oakland Schools","63150","Troy School District","00000","All Buildings","63","Oakland","LEA District","Elem thru High School","City: Small","03","ELA","White, not of Hispanic origin","English Learners","*","*","*"
"22 - 23 School Year","MI-Access","FI","63","Oakland Schools","63150","Troy School District","06366","Larson Middle School","63","Oakland","LEA School","Middle School","City: Small","08","ELA","Male","Not English Learners","*","*","*"
"22 - 23 School Year","MI-Access","FI","63","Oakland Schools","63150","Troy School District","06366","Larson Middle School","63","Oakland","LEA School","Middle School","City: Small","08","ELA","White, not of Hispanic origin","Not English Learners","*","*","*"
"22 - 23 School Year","MI-Access","SI","63","Oakland Schools","63150","Troy School District","00000","All Buildings","63","Oakland","LEA District","Elem thru High School","City: Small","06","ELA","Black, not of Hispanic origin","Not English Learners","*","*","*"
"22 - 23 School Year","MI-Access","SI","63","Oakland Schools","63150","Troy School District","00000","All Buildings","63","Oakland","LEA District","Elem thru High School","City: Small","06","ELA","White, not of Hispanic origin","Not English Learners","*","*","*"
"22 - 23 School Year","MI-Access","SI","63","Oakland Schools","63150","Troy School District","00000","All Buildings","63","Oakland","LEA District","Elem thru High School","City: Small","06","ELA","Asian","Male","*","*","*"
"22 - 23 School Year","MI-Access","FI","63","Oakland Schools","63150","Troy School District","06939","Wass Elementary School","63","Oakland","LEA School","Elementary","City: Small","05","ELA","White, not of Hispanic origin","Female","*","*","*"
"22 - 23 School Year","MI-Access","FI","63","Oakland Schools","63150","Troy School District","06939","Wass Elementary School","63","Oakland","LEA School","Elementary","City: Small","05","ELA","White, not of Hispanic origin","Male","*","*","*"
"22 - 23 School Year","MI-Access","P","63","Oakland Schools","63150","Troy School District","00000","All Buildings","63","Oakland","LEA District","Elem thru High School","City: Small","03","ELA","Asian","Female","*","*","*"
"22 - 23 School Year","MI-Access","FI","63","Oakland Schools","63150","Troy School District","06124","Schroeder Elementary School","63","Oakland","LEA School","Elementary","City: Small","03","ELA","White, not of Hispanic origin","Not English Learners","*","*","*"
"22 - 23 School Year","MI-Access","FI","63","Oakland Schools","63150","Troy School District","06939","Wass Elementary School","63","Oakland","LEA School","Elementary","City: Small","03","ELA","Female","Not English Learners","*","*","*"
"22 - 23 School Year","MI-Access","FI","63","Oakland Schools","63150","Troy School District","04227","Troy Union Elementary School","63","Oakland","LEA School","Elementary","City: Small","03","ELA","Female","English Learners","*","*","*"
"22 - 23 School Year","MI-Access","SI","63","Oakland Schools","63150","Troy School District","06939","Wass Elementary School","63","Oakland","LEA School","Elementary","City: Small","04","ELA","Asian","Female","*","*","*"
"22 - 23 School Year","MI-Access","SI","63","Oakland Schools","63150","Troy School District","06366","Larson Middle School","63","Oakland","LEA School","Middle School","City: Small","06","ELA","Male","Not English Learners","*","*","*"
"22 - 23 School Year","MI-Access","SI","63","Oakland Schools","63150","Troy School District","00174","Baker Middle School","63","Oakland","LEA School","Middle School","City: Small","08","ELA","Asian","English Learners","*","*","*"
"22 - 23 School Year","MI-Access","FI","63","Oakland Schools","63150","Troy School District","00000","All Buildings","63","Oakland","LEA District","Elem thru High School","City: Small","06","ELA","White, not of Hispanic origin","Not English Learners","*","*","*"
"22 - 23 School Year","MI-Access","SI","63","Oakland Schools","63150","Troy School District","06366","Larson Middle School","63","Oakland","LEA School","Middle School","City: Small","07","ELA","Asian","English Learners","*","*","*"
"22 - 23 School Year","MI-Access","P","63","Oakland Schools","63150","Troy School District","05537","Wattles Elementary School","63","Oakland","LEA School","Elementary","City: Small","03","ELA","Asian","Female","*","*","*"
"22 - 23 School Year","MI-Access","P","63","Oakland Schools","63150","Troy School District","03715","Hamilton Elementary School","63","Oakland","LEA School","Elementary","City: Small","03","ELA","Asian","Female","*","*","*"
"22 - 23 School Year","MI-Access","FI","63","Oakland Schools","63150","Troy School District","00000","All Buildings","63","Oakland","LEA District","Elem thru High School","City: Small","04","ELA","Female","English Learners","*","*","*"
"22 - 23 School Year","MI-Access","SI","63","Oakland Schools","63150","Troy School District","00000","All Buildings","63","Oakland","LEA District","Elem thru High School","City: Small","07","ELA","Male","English Learners","*","*","*"
"22 - 23 School Year","MI-Access","FI","63","Oakland Schools","63150","Troy School District","06366","Larson Middle School","63","Oakland","LEA School","Middle School","City: Small","07","ELA","White, not of Hispanic origin","Not English Learners","*","*","*"
"22 - 23 School Year","MI-Access","FI","63","Oakland Schools","63150","Troy School District","06366","Larson Middle School","63","Oakland","LEA School","Middle School","City: Small","07","ELA","White, not of Hispanic origin","Male","*","*","*"
"22 - 23 School Year","MI-Access","SI","63","Oakland Schools","63150","Troy School District","00000","All Buildings","63","Oakland","LEA District","Elem thru High School","City: Small","05","ELA","Male","Not English Learners","*","*","*"
"22 - 23 School Year","MI-Access","SI","63","Oakland Schools","63150","Troy School District","00000","All Buildings","63","Oakland","LEA District","Elem thru High School","City: Small","05","ELA","Asian","Not English Learners","*","*","*"
"22 - 23 School Year","MI-Access","FI","63","Oakland Schools","63150","Troy School District","00000","All Buildings","63","Oakland","LEA District","Elem thru High School","City: Small","11","ELA","Male","Not English Learners","*","*","*"
"22 - 23 School Year","MI-Access","SI","63","Oakland Schools","63150","Troy School District","04227","Troy Union Elementary School","63","Oakland","LEA School","Elementary","City: Small","05","ELA","Male","Not English Learners","*","*","*"
"22 - 23 School Year","MI-Access","FI","63","Oakland Schools","63150","Troy School District","00000","All Buildings","63","Oakland","LEA District","Elem thru High School","City: Small","03","ELA","Female","English Learners","*","*","*"
"22 - 23 School Year","MI-Access","FI","63","Oakland Schools","63150","Troy School District","00000","All Buildings","63","Oakland","LEA District","Elem thru High School","City: Small","03","ELA","Hispanic","Not English Learners","*","*","*"
"22 - 23 School Year","MI-Access","P","63","Oakland Schools","63150","Troy School District","02161","Leonard Elementary School","63","Oakland","LEA School","Elementary","City: Small","05","ELA","Male","Not English Learners","*","*","*"
"22 - 23 School Year","MI-Access","P","63","Oakland Schools","63150","Troy School District","06941","Barnard Elementary School","63","Oakland","LEA School","Elementary","City: Small","05","ELA","Asian","English Learners","*","*","*"
"22 - 23 School Year","MI-Access","FI","63","Oakland Schools","63150","Troy School District","06939","Wass Elementary School","63","Oakland","LEA School","Elementary","City: Small","04","ELA","Two or More Races","Not English Learners","*","*","*"
"22 - 23 School Year","MI-Access","P","63","Oakland Schools","63150","Troy School District","06124","Schroeder Elementary School","63","Oakland","LEA School","Elementary","City: Small","04","ELA","Asian","Male","*","*","*"
"22 - 23 School Year","MI-Access","P","63","Oakland Schools","63150","Troy School District","06124","Schroeder Elementary School","63","Oakland","LEA School","Elementary","City: Small","04","ELA","Asian","English Learners","*","*","*"
"22 - 23 School Year","MI-Access","P","63","Oakland Schools","63150","Troy School District","05537","Wattles Elementary School","63","Oakland","LEA School","Elementary","City: Small","04","ELA","Asian","English Learners","*","*","*"
"22 - 23 School Year","MI-Access","SI","63","Oakland Schools","63150","Troy School District","06364","Costello Elementary School","63","Oakland","LEA School","Elementary","City: Small","04","ELA","White, not of Hispanic origin","Male","*","*","*"
"22 - 23 School Year","MI-Access","SI","63","Oakland Schools","63150","Troy School District","06939","Wass Elementary School","63","Oakland","LEA School","Elementary","City: Small","04","ELA","Asian","English Learners","*","*","*"
"22 - 23 School Year","MI-Access","P","63","Oakland Schools","63150","Troy School District","00000","All Buildings","63","Oakland","LEA District","Elem thru High School","City: Small","04","ELA","Asian","Male","*","*","*"
"22 - 23 School Year","MI-Access","SI","63","Oakland Schools","63150","Troy School District","00000","All Buildings","63","Oakland","LEA District","Elem thru High School","City: Small","04","ELA","Asian","Female","*","*","*"
"22 - 23 School Year","MI-Access","FI","63","Oakland Schools","63150","Troy School District","00000","All Buildings","63","Oakland","LEA District","Elem thru High School","City: Small","08","ELA","Male","Not English Learners","*","*","*"
"22 - 23 School Year","MI-Access","FI","63","Oakland Schools","63150","Troy School District","06366","Larson Middle School","63","Oakland","LEA School","Middle School","City: Small","06","ELA","White, not of Hispanic origin","Female","*","*","*"
"22 - 23 School Year","MI-Access","SI","63","Oakland Schools","63150","Troy School District","00174","Baker Middle School","63","Oakland","LEA School","Middle School","City: Small","08","ELA","White, not of Hispanic origin","English Learners","*","*","*"
"22 - 23 School Year","MI-Access","FI","63","Oakland Schools","63150","Troy School District","00000","All Buildings","63","Oakland","LEA District","Elem thru High School","City: Small","04","ELA","Asian","English Learners","*","*","*"
"22 - 23 School Year","MI-Access","SI","63","Oakland Schools","63150","Troy School District","00000","All Buildings","63","Oakland","LEA District","Elem thru High School","City: Small","05","ELA","White, not of Hispanic origin","Not English Learners","*","*","*"
"22 - 23 School Year","MI-Access","P","63","Oakland Schools","63150","Troy School District","00000","All Buildings","63","Oakland","LEA District","Elem thru High School","City: Small","05","ELA","Asian","Male","*","*","*"
"22 - 23 School Year","MI-Access","SI","63","Oakland Schools","63150","Troy School District","00000","All Buildings","63","Oakland","LEA District","Elem thru High School","City: Small","11","ELA","Female","Not English Learners","*","*","*"
"22 - 23 School Year","MI-Access","FI","63","Oakland Schools","63150","Troy School District","00000","All Buildings","63","Oakland","LEA District","Elem thru High School","City: Small","06","ELA","Black, not of Hispanic origin","Not English Learners","*","*","*"
"22 - 23 School Year","MI-Access","P","63","Oakland Schools","63150","Troy School District","06364","Costello Elementary School","63","Oakland","LEA School","Elementary","City: Small","05","ELA","White, not of Hispanic origin","Male","*","*","*"
"22 - 23 School Year","MI-Access","P","63","Oakland Schools","63150","Troy School District","06367","Boulan Park Middle School","63","Oakland","LEA School","Middle School","City: Small","06","ELA","Black, not of Hispanic origin","Female","*","*","*"
"22 - 23 School Year","MI-Access","FI","63","Oakland Schools","63150","Troy School District","04227","Troy Union Elementary School","63","Oakland","LEA School","Elementary","City: Small","03","ELA","White, not of Hispanic origin","Not English Learners","*","*","*"
"22 - 23 School Year","MI-Access","P","63","Oakland Schools","63150","Troy School District","03715","Hamilton Elementary School","63","Oakland","LEA School","Elementary","City: Small","04","ELA","Two or More Races","Female","*","*","*"
"22 - 23 School Year","MI-Access","P","63","Oakland Schools","63150","Troy School District","06124","Schroeder Elementary School","63","Oakland","LEA School","Elementary","City: Small","04","ELA","Male","English Learners","*","*","*"
"22 - 23 School Year","MI-Access","SI","63","Oakland Schools","63150","Troy School District","03715","Hamilton Elementary School","63","Oakland","LEA School","Elementary","City: Small","04","ELA","Asian","Female","*","*","*"
"22 - 23 School Year","MI-Access","P","63","Oakland Schools","63150","Troy School District","00000","All Buildings","63","Oakland","LEA District","Elem thru High School","City: Small","04","ELA","White, not of Hispanic origin","Not English Learners","*","*","*"
"22 - 23 School Year","MI-Access","SI","63","Oakland Schools","63150","Troy School District","00000","All Buildings","63","Oakland","LEA District","Elem thru High School","City: Small","04","ELA","Female","English Learners","*","*","*"
"22 - 23 School Year","MI-Access","SI","63","Oakland Schools","63150","Troy School District","00174","Baker Middle School","63","Oakland","LEA School","Middle School","City: Small","06","ELA","Hispanic","English Learners","*","*","*"
"22 - 23 School Year","MI-Access","SI","63","Oakland Schools","63150","Troy School District","06367","Boulan Park Middle School","63","Oakland","LEA School","Middle School","City: Small","06","ELA","White, not of Hispanic origin","Male","*","*","*"
"22 - 23 School Year","MI-Access","FI","63","Oakland Schools","63150","Troy School District","00000","All Buildings","63","Oakland","LEA District","Elem thru High School","City: Small","07","ELA","Black, not of Hispanic origin","Not English Learners","*","*","*"
"22 - 23 School Year","MI-Access","FI","63","Oakland Schools","63150","Troy School District","06366","Larson Middle School","63","Oakland","LEA School","Middle School","City: Small","06","ELA","Female","Not English Learners","*","*","*"
"22 - 23 School Year","MI-Access","FI","63","Oakland Schools","63150","Troy School District","06366","Larson Middle School","63","Oakland","LEA School","Middle School","City: Small","06","ELA","Black, not of Hispanic origin","Not English Learners","*","*","*"
"22 - 23 School Year","MI-Access","SI","63","Oakland Schools","63150","Troy School District","06393","Athens High School","63","Oakland","LEA School","High School","City: Small","11","ELA","Asian","English Learners","*","*","*"
"22 - 23 School Year","MI-Access","SI","63","Oakland Schools","63150","Troy School District","06366","Larson Middle School","63","Oakland","LEA School","Middle School","City: Small","08","ELA","Black, not of Hispanic origin","Not English Learners","*","*","*"
"22 - 23 School Year","MI-Access","SI","63","Oakland Schools","63150","Troy School District","00174","Baker Middle School","63","Oakland","LEA School","Middle School","City: Small","07","ELA","White, not of Hispanic origin","Male","*","*","*"
"22 - 23 School Year","MI-Access","FI","63","Oakland Schools","63150","Troy School District","00000","All Buildings","63","Oakland","LEA District","Elem thru High School","City: Small","05","ELA","Male","Not English Learners","*","*","*"
"22 - 23 School Year","MI-Access","FI","63","Oakland Schools","63150","Troy School District","00000","All Buildings","63","Oakland","LEA District","Elem thru High School","City: Small","04","ELA","Female","Not English Learners","*","*","*"
"22 - 23 School Year","MI-Access","FI","63","Oakland Schools","63150","Troy School District","00174","Baker Middle School","63","Oakland","LEA School","Middle School","City: Small","08","ELA","Asian","Male","*","*","*"
"22 - 23 School Year","MI-Access","P","63","Oakland Schools","63150","Troy School District","00000","All Buildings","63","Oakland","LEA District","Elem thru High School","City: Small","07","ELA","Male","English Learners","*","*","*"
"22 - 23 School Year","MI-Access","SI","63","Oakland Schools","63150","Troy School District","00000","All Buildings","63","Oakland","LEA District","Elem thru High School","City: Small","05","ELA","White, not of Hispanic origin","Male","*","*","*"
"22 - 23 School Year","MI-Access","FI","63","Oakland Schools","63150","Troy School District","06124","Schroeder Elementary School","63","Oakland","LEA School","Elementary","City: Small","04","ELA","Female","Not English Learners","*","*","*"
"22 - 23 School Year","MI-Access","P","63","Oakland Schools","63150","Troy School District","00000","All Buildings","63","Oakland","LEA District","Elem thru High School","City: Small","05","ELA","Male","English Learners","*","*","*"
"22 - 23 School Year","MI-Access","SI","63","Oakland Schools","63150","Troy School District","00000","All Buildings","63","Oakland","LEA District","Elem thru High School","City: Small","11","ELA","Male","Not English Learners","*","*","*"
"22 - 23 School Year","MI-Access","SI","63","Oakland Schools","63150","Troy School District","03715","Hamilton Elementary School","63","Oakland","LEA School","Elementary","City: Small","05","ELA","Male","English Learners","*","*","*"
"22 - 23 School Year","MI-Access","FI","63","Oakland Schools","63150","Troy School District","00000","All Buildings","63","Oakland","LEA District","Elem thru High School","City: Small","03","ELA","Male","English Learners","*","*","*"
"22 - 23 School Year","MI-Access","FI","63","Oakland Schools","63150","Troy School District","06366","Larson Middle School","63","Oakland","LEA School","Middle School","City: Small","08","ELA","Black, not of Hispanic origin","Not English Learners","*","*","*"
"22 - 23 School Year","MI-Access","P","63","Oakland Schools","63150","Troy School District","00000","All Buildings","63","Oakland","LEA District","Elem thru High School","City: Small","06","ELA","Black, not of Hispanic origin","Not English Learners","*","*","*"
"22 - 23 School Year","MI-Access","SI","63","Oakland Schools","63150","Troy School District","00000","All Buildings","63","Oakland","LEA District","Elem thru High School","City: Small","06","ELA","Black, not of Hispanic origin","Male","*","*","*"
"22 - 23 School Year","MI-Access","P","63","Oakland Schools","63150","Troy School District","06364","Costello Elementary School","63","Oakland","LEA School","Elementary","City: Small","05","ELA","White, not of Hispanic origin","Not English Learners","*","*","*"
"22 - 23 School Year","MI-Access","FI","63","Oakland Schools","63150","Troy School District","06364","Costello Elementary School","63","Oakland","LEA School","Elementary","City: Small","05","ELA","Male","Not English Learners","*","*","*"
"22 - 23 School Year","MI-Access","P","63","Oakland Schools","63150","Troy School District","00000","All Buildings","63","Oakland","LEA District","Elem thru High School","City: Small","03","ELA","Asian","English Learners","*","*","*"
"22 - 23 School Year","MI-Access","FI","63","Oakland Schools","63150","Troy School District","06124","Schroeder Elementary School","63","Oakland","LEA School","Elementary","City: Small","03","ELA","Male","Not English Learners","*","*","*"
"22 - 23 School Year","MI-Access","FI","63","Oakland Schools","63150","Troy School District","06124","Schroeder Elementary School","63","Oakland","LEA School","Elementary","City: Small","03","ELA","White, not of Hispanic origin","Male","*","*","*"
"22 - 23 School Year","MI-Access","P","63","Oakland Schools","63150","Troy School District","00000","All Buildings","63","Oakland","LEA District","Elem thru High School","City: Small","04","ELA","Female","Not English Learners","*","*","*"
"22 - 23 School Year","MI-Access","P","63","Oakland Schools","63150","Troy School District","06366","Larson Middle School","63","Oakland","LEA School","Middle School","City: Small","06","ELA","White, not of Hispanic origin","Female","*","*","*"
"22 - 23 School Year","MI-Access","SI","63","Oakland Schools","63150","Troy School District","00174","Baker Middle School","63","Oakland","LEA School","Middle School","City: Small","06","ELA","Male","English Learners","*","*","*"
"22 - 23 School Year","MI-Access","SI","63","Oakland Schools","63150","Troy School District","06366","Larson Middle School","63","Oakland","LEA School","Middle School","City: Small","06","ELA","Female","Not English Learners","*","*","*"
"22 - 23 School Year","MI-Access","SI","63","Oakland Schools","63150","Troy School District","06366","Larson Middle School","63","Oakland","LEA School","Middle School","City: Small","06","ELA","Asian","Not English Learners","*","*","*"
"22 - 23 School Year","MI-Access","SI","63","Oakland Schools","63150","Troy School District","00174","Baker Middle School","63","Oakland","LEA School","Middle School","City: Small","08","ELA","Female","English Learners","*","*","*"
"22 - 23 School Year","MI-Access","FI","63","Oakland Schools","63150","Troy School District","06939","Wass Elementary School","63","Oakland","LEA School","Elementary","City: Small","03","ELA","White, not of Hispanic origin","Female","*","*","*"
"22 - 23 School Year","MI-Access","FI","63","Oakland Schools","63150","Troy School District","00000","All Buildings","63","Oakland","LEA District","Elem thru High School","City: Small","04","ELA","Two or More Races","Male","*","*","*"
"22 - 23 School Year","MI-Access","P","63","Oakland Schools","63150","Troy School District","00000","All Buildings","63","Oakland","LEA District","Elem thru High School","City: Small","07","ELA","White, not of Hispanic origin","Not English Learners","*","*","*"
"22 - 23 School Year","MI-Access","FI","63","Oakland Schools","63150","Troy School District","00174","Baker Middle School","63","Oakland","LEA School","Middle School","City: Small","08","ELA","Asian","Not English Learners","*","*","*"
"22 - 23 School Year","MI-Access","FI","63","Oakland Schools","63150","Troy School District","06941","Barnard Elementary School","63","Oakland","LEA School","Elementary","City: Small","04","ELA","Asian","English Learners","*","*","*"
"22 - 23 School Year","MI-Access","SI","63","Oakland Schools","63150","Troy School District","00000","All Buildings","63","Oakland","LEA District","Elem thru High School","City: Small","11","ELA","Female","English Learners","*","*","*"
"22 - 23 School Year","MI-Access","SI","63","Oakland Schools","63150","Troy School District","04227","Troy Union Elementary School","63","Oakland","LEA School","Elementary","City: Small","05","ELA","White, not of Hispanic origin","Not English Learners","*","*","*"
"22 - 23 School Year","MI-Access","FI","63","Oakland Schools","63150","Troy School District","00000","All Buildings","63","Oakland","LEA District","Elem thru High School","City: Small","03","ELA","White, not of Hispanic origin","Female","*","*","*"
"22 - 23 School Year","MI-Access","SI","63","Oakland Schools","63150","Troy School District","00000","All Buildings","63","Oakland","LEA District","Elem thru High School","City: Small","06","ELA","White, not of Hispanic origin","Female","*","*","*"
"22 - 23 School Year","MI-Access","P","63","Oakland Schools","63150","Troy School District","02161","Leonard Elementary School","63","Oakland","LEA School","Elementary","City: Small","05","ELA","White, not of Hispanic origin","Male","*","*","*"
"22 - 23 School Year","MI-Access","P","63","Oakland Schools","63150","Troy School District","00000","All Buildings","63","Oakland","LEA District","Elem thru High School","City: Small","03","ELA","White, not of Hispanic origin","Not English Learners","*","*","*"
"22 - 23 School Year","MI-Access","P","63","Oakland Schools","63150","Troy School District","05537","Wattles Elementary School","63","Oakland","LEA School","Elementary","City: Small","04","ELA","Male","Not English Learners","*","*","*"
"22 - 23 School Year","MI-Access","P","63","Oakland Schools","63150","Troy School District","05537","Wattles Elementary School","63","Oakland","LEA School","Elementary","City: Small","04","ELA","Asian","Male","*","*","*"
"22 - 23 School Year","MI-Access","SI","63","Oakland Schools","63150","Troy School District","06364","Costello Elementary School","63","Oakland","LEA School","Elementary","City: Small","04","ELA","White, not of Hispanic origin","Not English Learners","*","*","*"
"22 - 23 School Year","MI-Access","P","63","Oakland Schools","63150","Troy School District","00000","All Buildings","63","Oakland","LEA District","Elem thru High School","City: Small","04","ELA","Male","English Learners","*","*","*"
"22 - 23 School Year","MI-Access","P","63","Oakland Schools","63150","Troy School District","06367","Boulan Park Middle School","63","Oakland","LEA School","Middle School","City: Small","06","ELA","Black, not of Hispanic origin","Not English Learners","*","*","*"
"22 - 23 School Year","MI-Access","FI","63","Oakland Schools","63150","Troy School District","00000","All Buildings","63","Oakland","LEA District","Elem thru High School","City: Small","07","ELA","White, not of Hispanic origin","Female","*","*","*"
"22 - 23 School Year","MI-Access","FI","63","Oakland Schools","63150","Troy School District","00000","All Buildings","63","Oakland","LEA District","Elem thru High School","City: Small","07","ELA","Female","Not English Learners","*","*","*"
"22 - 23 School Year","MI-Access","SI","63","Oakland Schools","63150","Troy School District","06393","Athens High School","63","Oakland","LEA School","High School","City: Small","11","ELA","White, not of Hispanic origin","Not English Learners","*","*","*"
"22 - 23 School Year","MI-Access","SI","63","Oakland Schools","63150","Troy School District","00000","All Buildings","63","Oakland","LEA District","Elem thru High School","City: Small","08","ELA","White, not of Hispanic origin","Male","*","*","*"
"22 - 23 School Year","MI-Access","SI","63","Oakland Schools","63150","Troy School District","00174","Baker Middle School","63","Oakland","LEA School","Middle School","City: Small","08","ELA","Male","Not English Learners","*","*","*"
"22 - 23 School Year","MI-Access","P","63","Oakland Schools","63150","Troy School District","06366","Larson Middle School","63","Oakland","LEA School","Middle School","City: Small","07","ELA","Asian","English Learners","*","*","*"
"22 - 23 School Year","MI-Access","FI","63","Oakland Schools","63150","Troy School District","00000","All Buildings","63","Oakland","LEA District","Elem thru High School","City: Small","04","ELA","White, not of Hispanic origin","Female","*","*","*"
"22 - 23 School Year","MI-Access","SI","63","Oakland Schools","63150","Troy School District","00000","All Buildings","63","Oakland","LEA District","Elem thru High School","City: Small","07","ELA","Asian","Male","*","*","*"
"22 - 23 School Year","MI-Access","SI","63","Oakland Schools","63150","Troy School District","04226","Troy High School","63","Oakland","LEA School","High School","City: Small","11","ELA","Black, not of Hispanic origin","Female","*","*","*"
"22 - 23 School Year","MI-Access","FI","63","Oakland Schools","63150","Troy School District","00000","All Buildings","63","Oakland","LEA District","Elem thru High School","City: Small","11","ELA","White, not of Hispanic origin","Not English Learners","*","*","*"
"22 - 23 School Year","MI-Access","P","63","Oakland Schools","63150","Troy School District","00000","All Buildings","63","Oakland","LEA District","Elem thru High School","City: Small","06","ELA","Female","Not English Learners","*","*","*"
"22 - 23 School Year","MI-Access","P","63","Oakland Schools","63150","Troy School District","00000","All Buildings","63","Oakland","LEA District","Elem thru High School","City: Small","06","ELA","White, not of Hispanic origin","Not English Learners","*","*","*"
"22 - 23 School Year","MI-Access","SI","63","Oakland Schools","63150","Troy School District","00000","All Buildings","63","Oakland","LEA District","Elem thru High School","City: Small","06","ELA","Hispanic","English Learners","*","*","*"
"22 - 23 School Year","MI-Access","SI","63","Oakland Schools","63150","Troy School District","00000","All Buildings","63","Oakland","LEA District","Elem thru High School","City: Small","06","ELA","White, not of Hispanic origin","Male","*","*","*"
"22 - 23 School Year","MI-Access","P","63","Oakland Schools","63150","Troy School District","06367","Boulan Park Middle School","63","Oakland","LEA School","Middle School","City: Small","06","ELA","Female","Not English Learners","*","*","*"
"22 - 23 School Year","MI-Access","FI","63","Oakland Schools","63150","Troy School District","06941","Barnard Elementary School","63","Oakland","LEA School","Elementary","City: Small","04","ELA","Female","English Learners","*","*","*"
"22 - 23 School Year","MI-Access","P","63","Oakland Schools","63150","Troy School District","00000","All Buildings","63","Oakland","LEA District","Elem thru High School","City: Small","03","ELA","Female","English Learners","*","*","*"
"22 - 23 School Year","MI-Access","FI","63","Oakland Schools","63150","Troy School District","06939","Wass Elementary School","63","Oakland","LEA School","Elementary","City: Small","03","ELA","Male","English Learners","*","*","*"
"22 - 23 School Year","MI-Access","P","63","Oakland Schools","63150","Troy School District","05537","Wattles Elementary School","63","Oakland","LEA School","Elementary","City: Small","04","ELA","White, not of Hispanic origin","Male","*","*","*"
"22 - 23 School Year","MI-Access","P","63","Oakland Schools","63150","Troy School District","00000","All Buildings","63","Oakland","LEA District","Elem thru High School","City: Small","04","ELA","White, not of Hispanic origin","Male","*","*","*"
"22 - 23 School Year","MI-Access","SI","63","Oakland Schools","63150","Troy School District","00174","Baker Middle School","63","Oakland","LEA School","Middle School","City: Small","06","ELA","Black, not of Hispanic origin","Male","*","*","*"
"22 - 23 School Year","MI-Access","SI","63","Oakland Schools","63150","Troy School District","06367","Boulan Park Middle School","63","Oakland","LEA School","Middle School","City: Small","06","ELA","White, not of Hispanic origin","Not English Learners","*","*","*"
"22 - 23 School Year","MI-Access","SI","63","Oakland Schools","63150","Troy School District","06367","Boulan Park Middle School","63","Oakland","LEA School","Middle School","City: Small","06","ELA","Female","English Learners","*","*","*"
"22 - 23 School Year","MI-Access","SI","63","Oakland Schools","63150","Troy School District","06366","Larson Middle School","63","Oakland","LEA School","Middle School","City: Small","06","ELA","White, not of Hispanic origin","Not English Learners","*","*","*"
"22 - 23 School Year","MI-Access","FI","63","Oakland Schools","63150","Troy School District","00000","All Buildings","63","Oakland","LEA District","Elem thru High School","City: Small","07","ELA","White, not of Hispanic origin","Not English Learners","*","*","*"
"22 - 23 School Year","MI-Access","SI","63","Oakland Schools","63150","Troy School District","00000","All Buildings","63","Oakland","LEA District","Elem thru High School","City: Small","08","ELA","Asian","Male","*","*","*"
"22 - 23 School Year","MI-Access","SI","63","Oakland Schools","63150","Troy School District","00000","All Buildings","63","Oakland","LEA District","Elem thru High School","City: Small","08","ELA","White, not of Hispanic origin","Female","*","*","*"
"22 - 23 School Year","MI-Access","P","63","Oakland Schools","63150","Troy School District","06124","Schroeder Elementary School","63","Oakland","LEA School","Elementary","City: Small","03","ELA","White, not of Hispanic origin","Not English Learners","*","*","*"
"22 - 23 School Year","MI-Access","P","63","Oakland Schools","63150","Troy School District","05537","Wattles Elementary School","63","Oakland","LEA School","Elementary","City: Small","03","ELA","Female","English Learners","*","*","*"
"22 - 23 School Year","MI-Access","FI","63","Oakland Schools","63150","Troy School District","00000","All Buildings","63","Oakland","LEA District","Elem thru High School","City: Small","04","ELA","White, not of Hispanic origin","Not English Learners","*","*","*"
"22 - 23 School Year","MI-Access","P","63","Oakland Schools","63150","Troy School District","00000","All Buildings","63","Oakland","LEA District","Elem thru High School","City: Small","07","ELA","Asian","Male","*","*","*"
"22 - 23 School Year","MI-Access","FI","63","Oakland Schools","63150","Troy School District","06124","Schroeder Elementary School","63","Oakland","LEA School","Elementary","City: Small","04","ELA","Asian","Not English Learners","*","*","*"
"22 - 23 School Year","MI-Access","P","63","Oakland Schools","63150","Troy School District","00000","All Buildings","63","Oakland","LEA District","Elem thru High School","City: Small","05","ELA","White, not of Hispanic origin","Not English Learners","*","*","*"
"22 - 23 School Year","MI-Access","SI","63","Oakland Schools","63150","Troy School District","00000","All Buildings","63","Oakland","LEA District","Elem thru High School","City: Small","11","ELA","White, not of Hispanic origin","Male","*","*","*"
"22 - 23 School Year","MI-Access","FI","63","Oakland Schools","63150","Troy School District","00000","All Buildings","63","Oakland","LEA District","Elem thru High School","City: Small","03","ELA","Asian","Female","*","*","*"
"22 - 23 School Year","MI-Access","SI","63","Oakland Schools","63150","Troy School District","00000","All Buildings","63","Oakland","LEA District","Elem thru High School","City: Small","06","ELA","Asian","Not English Learners","*","*","*"
"22 - 23 School Year","MI-Access","SI","63","Oakland Schools","63150","Troy School District","00000","All Buildings","63","Oakland","LEA District","Elem thru High School","City: Small","06","ELA","Hispanic","Male","*","*","*"
"22 - 23 School Year","MI-Access","P","63","Oakland Schools","63150","Troy School District","06364","Costello Elementary School","63","Oakland","LEA School","Elementary","City: Small","05","ELA","Asian","English Learners","*","*","*"
"22 - 23 School Year","MI-Access","FI","63","Oakland Schools","63150","Troy School District","06941","Barnard Elementary School","63","Oakland","LEA School","Elementary","City: Small","04","ELA","Asian","Female","*","*","*"
"22 - 23 School Year","MI-Access","FI","63","Oakland Schools","63150","Troy School District","06393","Athens High School","63","Oakland","LEA School","High School","City: Small","11","ELA","Black, not of Hispanic origin","Not English Learners","*","*","*"
"22 - 23 School Year","MI-Access","SI","63","Oakland Schools","63150","Troy School District","06367","Boulan Park Middle School","63","Oakland","LEA School","Middle School","City: Small","06","ELA","White, not of Hispanic origin","Female","*","*","*"
"22 - 23 School Year","MI-Access","SI","63","Oakland Schools","63150","Troy School District","00000","All Buildings","63","Oakland","LEA District","Elem thru High School","City: Small","08","ELA","Black, not of Hispanic origin","Not English Learners","*","*","*"
"22 - 23 School Year","MI-Access","FI","63","Oakland Schools","63150","Troy School District","00000","All Buildings","63","Oakland","LEA District","Elem thru High School","City: Small","08","ELA","Black, not of Hispanic origin","Not English Learners","*","*","*"
"22 - 23 School Year","MI-Access","FI","63","Oakland Schools","63150","Troy School District","06366","Larson Middle School","63","Oakland","LEA School","Middle School","City: Small","06","ELA","Male","Not English Learners","*","*","*"
"22 - 23 School Year","MI-Access","SI","63","Oakland Schools","63150","Troy School District","04226","Troy High School","63","Oakland","LEA School","High School","City: Small","11","ELA","Female","Not English Learners","*","*","*"
"22 - 23 School Year","MI-Access","SI","63","Oakland Schools","63150","Troy School District","00000","All Buildings","63","Oakland","LEA District","Elem thru High School","City: Small","08","ELA","Asian","English Learners","*","*","*"
"22 - 23 School Year","MI-Access","SI","63","Oakland Schools","63150","Troy School District","00000","All Buildings","63","Oakland","LEA District","Elem thru High School","City: Small","08","ELA","Male","English Learners","*","*","*"
"22 - 23 School Year","MI-Access","SI","63","Oakland Schools","63150","Troy School District","00174","Baker Middle School","63","Oakland","LEA School","Middle School","City: Small","08","ELA","White, not of Hispanic origin","Male","*","*","*"
"22 - 23 School Year","MI-Access","FI","63","Oakland Schools","63150","Troy School District","00000","All Buildings","63","Oakland","LEA District","Elem thru High School","City: Small","06","ELA","Female","Not English Learners","*","*","*"
"22 - 23 School Year","MI-Access","SI","63","Oakland Schools","63150","Troy School District","00174","Baker Middle School","63","Oakland","LEA School","Middle School","City: Small","07","ELA","Male","Not English Learners","*","*","*"
"22 - 23 School Year","MI-Access","FI","63","Oakland Schools","63150","Troy School District","06393","Athens High School","63","Oakland","LEA School","High School","City: Small","11","ELA","White, not of Hispanic origin","Male","*","*","*"
"22 - 23 School Year","MI-Access","FI","63","Oakland Schools","63150","Troy School District","04227","Troy Union Elementary School","63","Oakland","LEA School","Elementary","City: Small","04","ELA","White, not of Hispanic origin","Not English Learners","*","*","*"
"22 - 23 School Year","MI-Access","SI","63","Oakland Schools","63150","Troy School District","06364","Costello Elementary School","63","Oakland","LEA School","Elementary","City: Small","05","ELA","Asian","Not English Learners","*","*","*"
"22 - 23 School Year","MI-Access","FI","63","Oakland Schools","63150","Troy School District","06366","Larson Middle School","63","Oakland","LEA School","Middle School","City: Small","08","ELA","White, not of Hispanic origin","Male","*","*","*"
"22 - 23 School Year","MI-Access","P","63","Oakland Schools","63150","Troy School District","05537","Wattles Elementary School","63","Oakland","LEA School","Elementary","City: Small","04","ELA","Male","English Learners","*","*","*"
"22 - 23 School Year","MI-Access","SI","63","Oakland Schools","63150","Troy School District","03715","Hamilton Elementary School","63","Oakland","LEA School","Elementary","City: Small","04","ELA","Female","English Learners","*","*","*"
"22 - 23 School Year","MI-Access","SI","63","Oakland Schools","63150","Troy School District","00174","Baker Middle School","63","Oakland","LEA School","Middle School","City: Small","06","ELA","Hispanic","Male","*","*","*"
"22 - 23 School Year","MI-Access","SI","63","Oakland Schools","63150","Troy School District","06367","Boulan Park Middle School","63","Oakland","LEA School","Middle School","City: Small","06","ELA","White, not of Hispanic origin","English Learners","*","*","*"
"22 - 23 School Year","MI-Access","FI","63","Oakland Schools","63150","Troy School District","06366","Larson Middle School","63","Oakland","LEA School","Middle School","City: Small","06","ELA","Black, not of Hispanic origin","Male","*","*","*"
"22 - 23 School Year","MI-Access","SI","63","Oakland Schools","63150","Troy School District","06393","Athens High School","63","Oakland","LEA School","High School","City: Small","11","ELA","Female","English Learners","*","*","*"
"22 - 23 School Year","MI-Access","SI","63","Oakland Schools","63150","Troy School District","00000","All Buildings","63","Oakland","LEA District","Elem thru High School","City: Small","08","ELA","Female","English Learners","*","*","*"
"22 - 23 School Year","MI-Access","SI","63","Oakland Schools","63150","Troy School District","06366","Larson Middle School","63","Oakland","LEA School","Middle School","City: Small","08","ELA","Asian","Not English Learners","*","*","*"
"22 - 23 School Year","MI-Access","P","63","Oakland Schools","63150","Troy School District","06124","Schroeder Elementary School","63","Oakland","LEA School","Elementary","City: Small","03","ELA","White, not of Hispanic origin","Female","*","*","*"
"22 - 23 School Year","MI-Access","FI","63","Oakland Schools","63150","Troy School District","00174","Baker Middle School","63","Oakland","LEA School","Middle School","City: Small","08","ELA","Male","Not English Learners","*","*","*"
"22 - 23 School Year","MI-Access","SI","63","Oakland Schools","63150","Troy School District","00000","All Buildings","63","Oakland","LEA District","Elem thru High School","City: Small","05","ELA","Asian","Male","*","*","*"
"22 - 23 School Year","MI-Access","FI","63","Oakland Schools","63150","Troy School District","04227","Troy Union Elementary School","63","Oakland","LEA School","Elementary","City: Small","04","ELA","Male","Not English Learners","*","*","*"
"22 - 23 School Year","MI-Access","FI","63","Oakland Schools","63150","Troy School District","00000","All Buildings","63","Oakland","LEA District","Elem thru High School","City: Small","11","ELA","Black, not of Hispanic origin","Not English Learners","*","*","*"
"22 - 23 School Year","MI-Access","FI","63","Oakland Schools","63150","Troy School District","00000","All Buildings","63","Oakland","LEA District","Elem thru High School","City: Small","03","ELA","Female","Not English Learners","*","*","*"
"22 - 23 School Year","MI-Access","P","63","Oakland Schools","63150","Troy School District","06364","Costello Elementary School","63","Oakland","LEA School","Elementary","City: Small","05","ELA","Asian","Male","*","*","*"
"22 - 23 School Year","MI-Access","P","63","Oakland Schools","63150","Troy School District","00000","All Buildings","63","Oakland","LEA District","Elem thru High School","City: Small","03","ELA","Female","Not English Learners","*","*","*"
"22 - 23 School Year","MI-Access","FI","63","Oakland Schools","63150","Troy School District","06939","Wass Elementary School","63","Oakland","LEA School","Elementary","City: Small","03","ELA","White, not of Hispanic origin","Not English Learners","*","*","*"
"22 - 23 School Year","MI-Access","FI","63","Oakland Schools","63150","Troy School District","04227","Troy Union Elementary School","63","Oakland","LEA School","Elementary","City: Small","03","ELA","Asian","Female","*","*","*"
"22 - 23 School Year","MI-Access","FI","63","Oakland Schools","63150","Troy School District","04227","Troy Union Elementary School","63","Oakland","LEA School","Elementary","City: Small","03","ELA","Hispanic","Not English Learners","*","*","*"
"22 - 23 School Year","MI-Access","P","63","Oakland Schools","63150","Troy School District","00000","All Buildings","63","Oakland","LEA District","Elem thru High School","City: Small","04","ELA","Two or More Races","Female","*","*","*"
"22 - 23 School Year","MI-Access","SI","63","Oakland Schools","63150","Troy School District","00000","All Buildings","63","Oakland","LEA District","Elem thru High School","City: Small","08","ELA","Male","Not English Learners","*","*","*"
"22 - 23 School Year","MI-Access","P","63","Oakland Schools","63150","Troy School District","06367","Boulan Park Middle School","63","Oakland","LEA School","Middle School","City: Small","07","ELA","Asian","Not English Learners","*","*","*"
"22 - 23 School Year","MI-Access","SI","63","Oakland Schools","63150","Troy School District","06940","Bemis Elementary School","63","Oakland","LEA School","Elementary","City: Small","03","ELA","Asian","English Learners","*","*","*"
"22 - 23 School Year","MI-Access","FI","63","Oakland Schools","63150","Troy School District","00000","All Buildings","63","Oakland","LEA District","Elem thru High School","City: Small","04","ELA","Two or More Races","Female","*","*","*"
"22 - 23 School Year","MI-Access","SI","63","Oakland Schools","63150","Troy School District","04226","Troy High School","63","Oakland","LEA School","High School","City: Small","11","ELA","Black, not of Hispanic origin","Not English Learners","*","*","*"
"22 - 23 School Year","MI-Access","SI","63","Oakland Schools","63150","Troy School District","00000","All Buildings","63","Oakland","LEA District","Elem thru High School","City: Small","05","ELA","Male","English Learners","*","*","*"
"22 - 23 School Year","MI-Access","P","63","Oakland Schools","63150","Troy School District","00000","All Buildings","63","Oakland","LEA District","Elem thru High School","City: Small","05","ELA","White, not of Hispanic origin","Male","*","*","*"
"22 - 23 School Year","MI-Access","SI","63","Oakland Schools","63150","Troy School District","06364","Costello Elementary School","63","Oakland","LEA School","Elementary","City: Small","05","ELA","Asian","Male","*","*","*"
"22 - 23 School Year","MI-Access","SI","63","Oakland Schools","63150","Troy School District","00000","All Buildings","63","Oakland","LEA District","Elem thru High School","City: Small","06","ELA","Male","Not English Learners","*","*","*"
"22 - 23 School Year","MI-Access","SI","63","Oakland Schools","63150","Troy School District","00000","All Buildings","63","Oakland","LEA District","Elem thru High School","City: Small","06","ELA","Male","English Learners","*","*","*"
"22 - 23 School Year","MI-Access","P","63","Oakland Schools","63150","Troy School District","06124","Schroeder Elementary School","63","Oakland","LEA School","Elementary","City: Small","05","ELA","White, not of Hispanic origin","Male","*","*","*"
"22 - 23 School Year","MI-Access","SI","63","Oakland Schools","63150","Troy School District","00000","All Buildings","63","Oakland","LEA District","Elem thru High School","City: Small","03","ELA","Asian","English Learners","*","*","*"
"22 - 23 School Year","MI-Access","SI","63","Oakland Schools","63150","Troy School District","05537","Wattles Elementary School","63","Oakland","LEA School","Elementary","City: Small","04","ELA","White, not of Hispanic origin","Not English Learners","*","*","*"
"22 - 23 School Year","MI-Access","P","63","Oakland Schools","63150","Troy School District","00000","All Buildings","63","Oakland","LEA District","Elem thru High School","City: Small","04","ELA","Two or More Races","Not English Learners","*","*","*"
"22 - 23 School Year","MI-Access","FI","63","Oakland Schools","63150","Troy School District","00000","All Buildings","63","Oakland","LEA District","Elem thru High School","City: Small","08","ELA","Asian","Not English Learners","*","*","*"
"22 - 23 School Year","MI-Access","SI","63","Oakland Schools","63150","Troy School District","00174","Baker Middle School","63","Oakland","LEA School","Middle School","City: Small","08","ELA","White, not of Hispanic origin","Not English Learners","*","*","*"
"22 - 23 School Year","MI-Access","P","63","Oakland Schools","63150","Troy School District","06367","Boulan Park Middle School","63","Oakland","LEA School","Middle School","City: Small","07","ELA","White, not of Hispanic origin","Not English Learners","*","*","*"
"22 - 23 School Year","MI-Access","P","63","Oakland Schools","63150","Troy School District","06366","Larson Middle School","63","Oakland","LEA School","Middle School","City: Small","07","ELA","Asian","Male","*","*","*"
"22 - 23 School Year","MI-Access","P","63","Oakland Schools","63150","Troy School District","05537","Wattles Elementary School","63","Oakland","LEA School","Elementary","City: Small","03","ELA","White, not of Hispanic origin","Not English Learners","*","*","*"
"22 - 23 School Year","MI-Access","FI","63","Oakland Schools","63150","Troy School District","00000","All Buildings","63","Oakland","LEA District","Elem thru High School","City: Small","04","ELA","Male","Not English Learners","*","*","*"
"22 - 23 School Year","MI-Access","FI","63","Oakland Schools","63150","Troy School District","06366","Larson Middle School","63","Oakland","LEA School","Middle School","City: Small","07","ELA","White, not of Hispanic origin","Female","*","*","*"
"22 - 23 School Year","MI-Access","FI","63","Oakland Schools","63150","Troy School District","06124","Schroeder Elementary School","63","Oakland","LEA School","Elementary","City: Small","04","ELA","Asian","Female","*","*","*"
"22 - 23 School Year","MI-Access","FI","63","Oakland Schools","63150","Troy School District","04227","Troy Union Elementary School","63","Oakland","LEA School","Elementary","City: Small","04","ELA","White, not of Hispanic origin","Female","*","*","*"
"22 - 23 School Year","MI-Access","FI","63","Oakland Schools","63150","Troy School District","04227","Troy Union Elementary School","63","Oakland","LEA School","Elementary","City: Small","04","ELA","White, not of Hispanic origin","Male","*","*","*"
"22 - 23 School Year","MI-Access","FI","63","Oakland Schools","63150","Troy School District","00000","All Buildings","63","Oakland","LEA District","Elem thru High School","City: Small","06","ELA","White, not of Hispanic origin","Female","*","*","*"
"22 - 23 School Year","MI-Access","SI","63","Oakland Schools","63150","Troy School District","03715","Hamilton Elementary School","63","Oakland","LEA School","Elementary","City: Small","05","ELA","White, not of Hispanic origin","Male","*","*","*"
"22 - 23 School Year","MI-Access","P","63","Oakland Schools","63150","Troy School District","02161","Leonard Elementary School","63","Oakland","LEA School","Elementary","City: Small","05","ELA","White, not of Hispanic origin","Not English Learners","*","*","*"
"22 - 23 School Year","MI-Access","P","63","Oakland Schools","63150","Troy School District","06941","Barnard Elementary School","63","Oakland","LEA School","Elementary","City: Small","05","ELA","Male","English Learners","*","*","*"
"22 - 23 School Year","MI-Access","P","63","Oakland Schools","63150","Troy School District","06124","Schroeder Elementary School","63","Oakland","LEA School","Elementary","City: Small","05","ELA","White, not of Hispanic origin","Not English Learners","*","*","*"
"22 - 23 School Year","MI-Access","FI","63","Oakland Schools","63150","Troy School District","06364","Costello Elementary School","63","Oakland","LEA School","Elementary","City: Small","05","ELA","White, not of Hispanic origin","Not English Learners","*","*","*"
"22 - 23 School Year","MI-Access","FI","63","Oakland Schools","63150","Troy School District","06939","Wass Elementary School","63","Oakland","LEA School","Elementary","City: Small","03","ELA","White, not of Hispanic origin","English Learners","*","*","*"
"22 - 23 School Year","MI-Access","FI","63","Oakland Schools","63150","Troy School District","06366","Larson Middle School","63","Oakland","LEA School","Middle School","City: Small","06","ELA","Black, not of Hispanic origin","Female","*","*","*"
"22 - 23 School Year","MI-Access","SI","63","Oakland Schools","63150","Troy School District","06940","Bemis Elementary School","63","Oakland","LEA School","Elementary","City: Small","03","ELA","Male","English Learners","*","*","*"
"22 - 23 School Year","MI-Access","FI","63","Oakland Schools","63150","Troy School District","00000","All Buildings","63","Oakland","LEA District","Elem thru High School","City: Small","04","ELA","Two or More Races","Not English Learners","*","*","*"
"22 - 23 School Year","MI-Access","FI","63","Oakland Schools","63150","Troy School District","00000","All Buildings","63","Oakland","LEA District","Elem thru High School","City: Small","04","ELA","Asian","Not English Learners","*","*","*"
"22 - 23 School Year","MI-Access","P","63","Oakland Schools","63150","Troy School District","00000","All Buildings","63","Oakland","LEA District","Elem thru High School","City: Small","07","ELA","Asian","English Learners","*","*","*"
"22 - 23 School Year","MI-Access","FI","63","Oakland Schools","63150","Troy School District","00000","All Buildings","63","Oakland","LEA District","Elem thru High School","City: Small","11","ELA","White, not of Hispanic origin","Male","*","*","*"
"22 - 23 School Year","MI-Access","FI","63","Oakland Schools","63150","Troy School District","06366","Larson Middle School","63","Oakland","LEA School","Middle School","City: Small","07","ELA","Black, not of Hispanic origin","Male","*","*","*"
"22 - 23 School Year","MI-Access","FI","63","Oakland Schools","63150","Troy School District","06939","Wass Elementary School","63","Oakland","LEA School","Elementary","City: Small","04","ELA","Female","Not English Learners","*","*","*"
"22 - 23 School Year","MI-Access","SI","63","Oakland Schools","63150","Troy School District","00000","All Buildings","63","Oakland","LEA District","Elem thru High School","City: Small","11","ELA","White, not of Hispanic origin","Not English Learners","*","*","*"
"22 - 23 School Year","MI-Access","SI","63","Oakland Schools","63150","Troy School District","06364","Costello Elementary School","63","Oakland","LEA School","Elementary","City: Small","05","ELA","Male","Not English Learners","*","*","*"
"22 - 23 School Year","MI-Access","FI","63","Oakland Schools","63150","Troy School District","00000","All Buildings","63","Oakland","LEA District","Elem thru High School","City: Small","03","ELA","Male","Not English Learners","*","*","*"
"22 - 23 School Year","MI-Access","FI","63","Oakland Schools","63150","Troy School District","06366","Larson Middle School","63","Oakland","LEA School","Middle School","City: Small","08","ELA","Black, not of Hispanic origin","Male","*","*","*"
"22 - 23 School Year","MI-Access","SI","63","Oakland Schools","63150","Troy School District","00000","All Buildings","63","Oakland","LEA District","Elem thru High School","City: Small","06","ELA","White, not of Hispanic origin","English Learners","*","*","*"
"22 - 23 School Year","MI-Access","P","63","Oakland Schools","63150","Troy School District","06364","Costello Elementary School","63","Oakland","LEA School","Elementary","City: Small","05","ELA","Male","Not English Learners","*","*","*"
"22 - 23 School Year","MI-Access","P","63","Oakland Schools","63150","Troy School District","06124","Schroeder Elementary School","63","Oakland","LEA School","Elementary","City: Small","05","ELA","Male","Not English Learners","*","*","*"
"22 - 23 School Year","MI-Access","SI","63","Oakland Schools","63150","Troy School District","00000","All Buildings","63","Oakland","LEA District","Elem thru High School","City: Small","03","ELA","Male","English Learners","*","*","*"
"22 - 23 School Year","MI-Access","P","63","Oakland Schools","63150","Troy School District","00000","All Buildings","63","Oakland","LEA District","Elem thru High School","City: Small","03","ELA","White, not of Hispanic origin","Male","*","*","*"
"22 - 23 School Year","MI-Access","P","63","Oakland Schools","63150","Troy School District","00000","All Buildings","63","Oakland","LEA District","Elem thru High School","City: Small","03","ELA","White, not of Hispanic origin","Female","*","*","*"
"22 - 23 School Year","MI-Access","P","63","Oakland Schools","63150","Troy School District","03715","Hamilton Elementary School","63","Oakland","LEA School","Elementary","City: Small","04","ELA","Two or More Races","Not English Learners","*","*","*"
"22 - 23 School Year","MI-Access","SI","63","Oakland Schools","63150","Troy School District","00000","All Buildings","63","Oakland","LEA District","Elem thru High School","City: Small","04","ELA","Male","Not English Learners","*","*","*"
"22 - 23 School Year","MI-Access","SI","63","Oakland Schools","63150","Troy School District","00174","Baker Middle School","63","Oakland","LEA School","Middle School","City: Small","06","ELA","Black, not of Hispanic origin","Not English Learners","*","*","*"
"22 - 23 School Year","MI-Access","FI","63","Oakland Schools","63150","Troy School District","00000","All Buildings","63","Oakland","LEA District","Elem thru High School","City: Small","08","ELA","White, not of Hispanic origin","Not English Learners","*","*","*"
"22 - 23 School Year","MI-Access","SI","63","Oakland Schools","63150","Troy School District","06393","Athens High School","63","Oakland","LEA School","High School","City: Small","11","ELA","Male","Not English Learners","*","*","*"
"22 - 23 School Year","MI-Access","SI","63","Oakland Schools","63150","Troy School District","00000","All Buildings","63","Oakland","LEA District","Elem thru High School","City: Small","08","ELA","Asian","Not English Learners","*","*","*"
"22 - 23 School Year","MI-Access","SI","63","Oakland Schools","63150","Troy School District","00174","Baker Middle School","63","Oakland","LEA School","Middle School","City: Small","08","ELA","White, not of Hispanic origin","Female","*","*","*"
"22 - 23 School Year","MI-Access","FI","63","Oakland Schools","63150","Troy School District","00000","All Buildings","63","Oakland","LEA District","Elem thru High School","City: Small","05","ELA","Female","Not English Learners","*","*","*"
"22 - 23 School Year","MI-Access","FI","63","Oakland Schools","63150","Troy School District","06939","Wass Elementary School","63","Oakland","LEA School","Elementary","City: Small","03","ELA","White, not of Hispanic origin","Male","*","*","*"
"22 - 23 School Year","MI-Access","P","63","Oakland Schools","63150","Troy School District","05537","Wattles Elementary School","63","Oakland","LEA School","Elementary","City: Small","03","ELA","White, not of Hispanic origin","Male","*","*","*"
"22 - 23 School Year","MI-Access","SI","63","Oakland Schools","63150","Troy School District","00000","All Buildings","63","Oakland","LEA District","Elem thru High School","City: Small","07","ELA","White, not of Hispanic origin","Male","*","*","*"
"22 - 23 School Year","MI-Access","SI","63","Oakland Schools","63150","Troy School District","00000","All Buildings","63","Oakland","LEA District","Elem thru High School","City: Small","07","ELA","Male","Not English Learners","*","*","*"
"22 - 23 School Year","MI-Access","P","63","Oakland Schools","63150","Troy School District","00000","All Buildings","63","Oakland","LEA District","Elem thru High School","City: Small","07","ELA","Male","Not English Learners","*","*","*"
"22 - 23 School Year","MI-Access","FI","63","Oakland Schools","63150","Troy School District","00000","All Buildings","63","Oakland","LEA District","Elem thru High School","City: Small","11","ELA","Black, not of Hispanic origin","Female","*","*","*"
"22 - 23 School Year","MI-Access","FI","63","Oakland Schools","63150","Troy School District","06366","Larson Middle School","63","Oakland","LEA School","Middle School","City: Small","07","ELA","Male","Not English Learners","*","*","*"
"22 - 23 School Year","MI-Access","SI","63","Oakland Schools","63150","Troy School District","06393","Athens High School","63","Oakland","LEA School","High School","City: Small","11","ELA","White, not of Hispanic origin","Male","*","*","*"
"22 - 23 School Year","MI-Access","FI","63","Oakland Schools","63150","Troy School District","00000","All Buildings","63","Oakland","LEA District","Elem thru High School","City: Small","03","ELA","White, not of Hispanic origin","Male","*","*","*"
"22 - 23 School Year","MI-Access","FI","63","Oakland Schools","63150","Troy School District","00000","All Buildings","63","Oakland","LEA District","Elem thru High School","City: Small","03","ELA","White, not of Hispanic origin","Not English Learners","*","*","*"
"22 - 23 School Year","MI-Access","FI","63","Oakland Schools","63150","Troy School District","00000","All Buildings","63","Oakland","LEA District","Elem thru High School","City: Small","06","ELA","Black, not of Hispanic origin","Male","*","*","*"
"22 - 23 School Year","MI-Access","FI","63","Oakland Schools","63150","Troy School District","04227","Troy Union Elementary School","63","Oakland","LEA School","Elementary","City: Small","03","ELA","Hispanic","Male","*","*","*"
"22 - 23 School Year","MI-Access","FI","63","Oakland Schools","63150","Troy School District","04227","Troy Union Elementary School","63","Oakland","LEA School","Elementary","City: Small","03","ELA","White, not of Hispanic origin","Male","*","*","*"
"22 - 23 School Year","MI-Access","FI","63","Oakland Schools","63150","Troy School District","06393","Athens High School","63","Oakland","LEA School","High School","City: Small","11","ELA","White, not of Hispanic origin","Not English Learners","*","*","*"
"22 - 23 School Year","MI-Access","SI","63","Oakland Schools","63150","Troy School District","05537","Wattles Elementary School","63","Oakland","LEA School","Elementary","City: Small","04","ELA","Male","Not English Learners","*","*","*"
"22 - 23 School Year","MI-Access","SI","63","Oakland Schools","63150","Troy School District","06364","Costello Elementary School","63","Oakland","LEA School","Elementary","City: Small","04","ELA","Male","Not English Learners","*","*","*"
"22 - 23 School Year","MI-Access","SI","63","Oakland Schools","63150","Troy School District","00000","All Buildings","63","Oakland","LEA District","Elem thru High School","City: Small","04","ELA","White, not of Hispanic origin","Male","*","*","*"
"22 - 23 School Year","MI-Access","SI","63","Oakland Schools","63150","Troy School District","00000","All Buildings","63","Oakland","LEA District","Elem thru High School","City: Small","04","ELA","White, not of Hispanic origin","Not English Learners","*","*","*"
"22 - 23 School Year","MI-Access","SI","63","Oakland Schools","63150","Troy School District","06367","Boulan Park Middle School","63","Oakland","LEA School","Middle School","City: Small","06","ELA","Male","Not English Learners","*","*","*"
"22 - 23 School Year","MI-Access","SI","63","Oakland Schools","63150","Troy School District","06366","Larson Middle School","63","Oakland","LEA School","Middle School","City: Small","06","ELA","White, not of Hispanic origin","Female","*","*","*"
"22 - 23 School Year","MI-Access","FI","63","Oakland Schools","63150","Troy School District","06366","Larson Middle School","63","Oakland","LEA School","Middle School","City: Small","06","ELA","White, not of Hispanic origin","Not English Learners","*","*","*"
"22 - 23 School Year","MI-Access","SI","63","Oakland Schools","63150","Troy School District","00000","All Buildings","63","Oakland","LEA District","Elem thru High School","City: Small","11","ELA","Asian","Female","*","*","*"
"22 - 23 School Year","MI-Access","P","63","Oakland Schools","63150","Troy School District","03715","Hamilton Elementary School","63","Oakland","LEA School","Elementary","City: Small","03","ELA","Asian","English Learners","*","*","*"
"22 - 23 School Year","MI-Access","FI","63","Oakland Schools","63150","Troy School District","00000","All Buildings","63","Oakland","LEA District","Elem thru High School","City: Small","04","ELA","White, not of Hispanic origin","Male","*","*","*"
"22 - 23 School Year","MI-Access","P","63","Oakland Schools","63150","Troy School District","00000","All Buildings","63","Oakland","LEA District","Elem thru High School","City: Small","04","ELA","Male","Not English Learners","*","*","*"
"22 - 23 School Year","MI-Access","P","63","Oakland Schools","63150","Troy School District","00000","All Buildings","63","Oakland","LEA District","Elem thru High School","City: Small","04","ELA","Asian","English Learners","*","*","*"
"22 - 23 School Year","MI-Access","FI","63","Oakland Schools","63150","Troy School District","00000","All Buildings","63","Oakland","LEA District","Elem thru High School","City: Small","07","ELA","White, not of Hispanic origin","Male","*","*","*"
"22 - 23 School Year","MI-Access","FI","63","Oakland Schools","63150","Troy School District","00000","All Buildings","63","Oakland","LEA District","Elem thru High School","City: Small","07","ELA","Male","Not English Learners","*","*","*"
"22 - 23 School Year","MI-Access","SI","63","Oakland Schools","63150","Troy School District","00174","Baker Middle School","63","Oakland","LEA School","Middle School","City: Small","08","ELA","Male","English Learners","*","*","*"
"22 - 23 School Year","MI-Access","SI","63","Oakland Schools","63150","Troy School District","06366","Larson Middle School","63","Oakland","LEA School","Middle School","City: Small","08","ELA","Black, not of Hispanic origin","Male","*","*","*"
"22 - 23 School Year","MI-Access","SI","63","Oakland Schools","63150","Troy School District","06366","Larson Middle School","63","Oakland","LEA School","Middle School","City: Small","07","ELA","Male","English Learners","*","*","*"
"22 - 23 School Year","MI-Access","FI","63","Oakland Schools","63150","Troy School District","00000","All Buildings","63","Oakland","LEA District","Elem thru High School","City: Small","05","ELA","White, not of Hispanic origin","Male","*","*","*"
"22 - 23 School Year","MI-Access","P","63","Oakland Schools","63150","Troy School District","05537","Wattles Elementary School","63","Oakland","LEA School","Elementary","City: Small","03","ELA","Male","Not English Learners","*","*","*"
