SchoolYear,ISDCode,ISDName,DistrictCode,DistrictName,BuildingCode,BuildingName,CountyCode,CountyName,EntityType,SchoolLevel,Locale,MISTEM_NAME,MISTEM_CODE,Subgroup,MathPercentReady,MathNumAssessed,MathScoreAverage,MathCountReady,ReadingPercentReady,ReadingNumAssessed,ReadingScoreAverage,SciencePercentReady,ScienceNumAssessed,ScienceScoreAverage,EnglishPercentReady,EnglishNumAssessed,EnglishScoreAverage,AllSubjectPercentReady,AllSubjectNumAssessed,AllSubjectScoreAverage,AllCountReady,EBRWPercentReady,EBRWNumAssessed,EBRWScoreAverage,EBRWCountReady
"23 - 24 School Year","63","Oakland Schools","63150","Troy School District","00000","All Buildings","63","Oakland","LEA District","Elem thru High School","City: Small","Oakland Region","         5","All Students","59.5000","953","565.9000","567","N/A","N/A","N/A","N/A","N/A","N/A","N/A","N/A","N/A","57.0000","952","1122.1000","543","77.3000","952","556.1000","736"
"23 - 24 School Year","63","Oakland Schools","63150","Troy School District","00000","All Buildings","63","Oakland","LEA District","Elem thru High School","City: Small","Oakland Region","         5","Asian","86.2000","327","652.6000","282","N/A","N/A","N/A","N/A","N/A","N/A","N/A","N/A","N/A","83.8000","327","1261.0000","274","88.1000","327","608.4000","288"
"23 - 24 School Year","63","Oakland Schools","63150","Troy School District","00000","All Buildings","63","Oakland","LEA District","Elem thru High School","City: Small","Oakland Region","         5","Black, not of Hispanic origin","15.6000","45","436.7000","7","N/A","N/A","N/A","N/A","N/A","N/A","N/A","N/A","N/A","15.6000","45","892.2000","7","42.2000","45","455.6000","19"
"23 - 24 School Year","63","Oakland Schools","63150","Troy School District","00000","All Buildings","63","Oakland","LEA District","Elem thru High School","City: Small","Oakland Region","         5","Economically Disadvantaged","26.4000","144","476.8000","38","N/A","N/A","N/A","N/A","N/A","N/A","N/A","N/A","N/A","23.6000","144","955.6000","34","52.1000","144","478.8000","75"
"23 - 24 School Year","63","Oakland Schools","63150","Troy School District","00000","All Buildings","63","Oakland","LEA District","Elem thru High School","City: Small","Oakland Region","         5","English Language Learners","21.2000","52","454.0000","11","N/A","N/A","N/A","N/A","N/A","N/A","N/A","N/A","N/A","15.7000","51","866.3000","8","27.5000","51","412.0000","14"
"23 - 24 School Year","63","Oakland Schools","63150","Troy School District","00000","All Buildings","63","Oakland","LEA District","Elem thru High School","City: Small","Oakland Region","         5","Female","57.0000","470","559.8000","268","N/A","N/A","N/A","N/A","N/A","N/A","N/A","N/A","N/A","55.7000","470","1121.8000","262","80.4000","470","562.0000","378"
"23 - 24 School Year","63","Oakland Schools","63150","Troy School District","00000","All Buildings","63","Oakland","LEA District","Elem thru High School","City: Small","Oakland Region","         5","Foster Care","*","<10","*","*","N/A","N/A","N/A","N/A","N/A","N/A","N/A","N/A","N/A","*","<10","*","*","*","<10","*","*"
"23 - 24 School Year","63","Oakland Schools","63150","Troy School District","00000","All Buildings","63","Oakland","LEA District","Elem thru High School","City: Small","Oakland Region","         5","Hispanic","39.6000","48","492.9000","19","N/A","N/A","N/A","N/A","N/A","N/A","N/A","N/A","N/A","36.2000","47","1002.8000","17","66.0000","47","508.7000","31"
"23 - 24 School Year","63","Oakland Schools","63150","Troy School District","00000","All Buildings","63","Oakland","LEA District","Elem thru High School","City: Small","Oakland Region","         5","Homeless","*","<10","*","*","N/A","N/A","N/A","N/A","N/A","N/A","N/A","N/A","N/A","*","<10","*","*","*","<10","*","*"
"23 - 24 School Year","63","Oakland Schools","63150","Troy School District","00000","All Buildings","63","Oakland","LEA District","Elem thru High School","City: Small","Oakland Region","         5","Male","61.9000","483","571.8000","299","N/A","N/A","N/A","N/A","N/A","N/A","N/A","N/A","N/A","58.3000","482","1122.3000","281","74.3000","482","550.3000","358"
"23 - 24 School Year","63","Oakland Schools","63150","Troy School District","00000","All Buildings","63","Oakland","LEA District","Elem thru High School","City: Small","Oakland Region","         5","Military Connected","*","<10","*","*","N/A","N/A","N/A","N/A","N/A","N/A","N/A","N/A","N/A","*","<10","*","*","*","<10","*","*"
"23 - 24 School Year","63","Oakland Schools","63150","Troy School District","00000","All Buildings","63","Oakland","LEA District","Elem thru High School","City: Small","Oakland Region","         5","Not Economically Disadvantaged","65.4000","809","581.7000","529","N/A","N/A","N/A","N/A","N/A","N/A","N/A","N/A","N/A","63.0000","808","1151.8000","509","81.8000","808","569.9000","661"
"23 - 24 School Year","63","Oakland Schools","63150","Troy School District","00000","All Buildings","63","Oakland","LEA District","Elem thru High School","City: Small","Oakland Region","         5","Not English Language Learners","61.7000","901","572.3000","556","N/A","N/A","N/A","N/A","N/A","N/A","N/A","N/A","N/A","59.4000","901","1136.6000","535","80.1000","901","564.2000","722"
"23 - 24 School Year","63","Oakland Schools","63150","Troy School District","00000","All Buildings","63","Oakland","LEA District","Elem thru High School","City: Small","Oakland Region","         5","Not Foster Care","59.6000","952","566.0000","567","N/A","N/A","N/A","N/A","N/A","N/A","N/A","N/A","N/A","57.1000","951","1122.4000","543","77.4000","951","556.2000","736"
"23 - 24 School Year","63","Oakland Schools","63150","Troy School District","00000","All Buildings","63","Oakland","LEA District","Elem thru High School","City: Small","Oakland Region","         5","Not Homeless","59.6000","952","566.1000","567","N/A","N/A","N/A","N/A","N/A","N/A","N/A","N/A","N/A","57.1000","951","1122.4000","543","77.4000","951","556.2000","736"
"23 - 24 School Year","63","Oakland Schools","63150","Troy School District","00000","All Buildings","63","Oakland","LEA District","Elem thru High School","City: Small","Oakland Region","         5","Not Migrant","59.5000","953","565.9000","567","N/A","N/A","N/A","N/A","N/A","N/A","N/A","N/A","N/A","57.0000","952","1122.1000","543","77.3000","952","556.1000","736"
"23 - 24 School Year","63","Oakland Schools","63150","Troy School District","00000","All Buildings","63","Oakland","LEA District","Elem thru High School","City: Small","Oakland Region","         5","Not Military Connected","59.6000","952","566.0000","567","N/A","N/A","N/A","N/A","N/A","N/A","N/A","N/A","N/A","57.1000","951","1122.4000","543","77.4000","951","556.2000","736"
"23 - 24 School Year","63","Oakland Schools","63150","Troy School District","00000","All Buildings","63","Oakland","LEA District","Elem thru High School","City: Small","Oakland Region","         5","Students with Disabilities","11.1000","45","411.8000","5","N/A","N/A","N/A","N/A","N/A","N/A","N/A","N/A","N/A","<=10%","45","830.0000","4","22.2000","45","418.2000","10"
"23 - 24 School Year","63","Oakland Schools","63150","Troy School District","00000","All Buildings","63","Oakland","LEA District","Elem thru High School","City: Small","Oakland Region","         5","Students without IEP","61.9000","908","573.5000","562","N/A","N/A","N/A","N/A","N/A","N/A","N/A","N/A","N/A","59.4000","907","1136.6000","539","80.0000","907","562.9000","726"
"23 - 24 School Year","63","Oakland Schools","63150","Troy School District","00000","All Buildings","63","Oakland","LEA District","Elem thru High School","City: Small","Oakland Region","         5","Two or More Races","55.0000","40","546.8000","22","N/A","N/A","N/A","N/A","N/A","N/A","N/A","N/A","N/A","55.0000","40","1100.3000","22","82.5000","40","553.5000","33"
"23 - 24 School Year","63","Oakland Schools","63150","Troy School District","00000","All Buildings","63","Oakland","LEA District","Elem thru High School","City: Small","Oakland Region","         5","White, not of Hispanic origin","48.1000","493","528.8000","237","N/A","N/A","N/A","N/A","N/A","N/A","N/A","N/A","N/A","45.2000","493","1064.1000","223","74.0000","493","535.3000","365"
"23 - 24 School Year","63","Oakland Schools","63150","Troy School District","04226","Troy High School","63","Oakland","LEA School","High School","City: Small","Oakland Region","         5","All Students","69.2000","532","598.3000","368","N/A","N/A","N/A","N/A","N/A","N/A","N/A","N/A","N/A","67.2000","531","1175.9000","357","82.5000","531","577.3000","438"
"23 - 24 School Year","63","Oakland Schools","63150","Troy School District","04226","Troy High School","63","Oakland","LEA School","High School","City: Small","Oakland Region","         5","Asian","90.6000","235","675.5000","213","N/A","N/A","N/A","N/A","N/A","N/A","N/A","N/A","N/A","88.5000","235","1299.1000","208","90.6000","235","623.6000","213"
"23 - 24 School Year","63","Oakland Schools","63150","Troy School District","04226","Troy High School","63","Oakland","LEA School","High School","City: Small","Oakland Region","         5","Black, not of Hispanic origin","<=20%","17","458.8000","3","N/A","N/A","N/A","N/A","N/A","N/A","N/A","N/A","N/A","<=20%","17","928.8000","3","47.1000","17","470.0000","8"
"23 - 24 School Year","63","Oakland Schools","63150","Troy School District","04226","Troy High School","63","Oakland","LEA School","High School","City: Small","Oakland Region","         5","Economically Disadvantaged","32.8000","61","498.0000","20","N/A","N/A","N/A","N/A","N/A","N/A","N/A","N/A","N/A","32.8000","61","992.5000","20","54.1000","61","494.4000","33"
"23 - 24 School Year","63","Oakland Schools","63150","Troy School District","04226","Troy High School","63","Oakland","LEA School","High School","City: Small","Oakland Region","         5","English Language Learners","27.3000","33","483.3000","9","N/A","N/A","N/A","N/A","N/A","N/A","N/A","N/A","N/A","21.9000","32","922.5000","7","37.5000","32","437.8000","12"
"23 - 24 School Year","63","Oakland Schools","63150","Troy School District","04226","Troy High School","63","Oakland","LEA School","High School","City: Small","Oakland Region","         5","Female","66.8000","259","592.1000","173","N/A","N/A","N/A","N/A","N/A","N/A","N/A","N/A","N/A","66.0000","259","1175.4000","171","85.3000","259","583.2000","221"
"23 - 24 School Year","63","Oakland Schools","63150","Troy School District","04226","Troy High School","63","Oakland","LEA School","High School","City: Small","Oakland Region","         5","Foster Care","*","<10","*","*","N/A","N/A","N/A","N/A","N/A","N/A","N/A","N/A","N/A","*","<10","*","*","*","<10","*","*"
"23 - 24 School Year","63","Oakland Schools","63150","Troy School District","04226","Troy High School","63","Oakland","LEA School","High School","City: Small","Oakland Region","         5","Hispanic","47.4000","19","506.8000","9","N/A","N/A","N/A","N/A","N/A","N/A","N/A","N/A","N/A","44.4000","18","1015.6000","8","55.6000","18","505.0000","10"
"23 - 24 School Year","63","Oakland Schools","63150","Troy School District","04226","Troy High School","63","Oakland","LEA School","High School","City: Small","Oakland Region","         5","Homeless","*","<10","*","*","N/A","N/A","N/A","N/A","N/A","N/A","N/A","N/A","N/A","*","<10","*","*","*","<10","*","*"
"23 - 24 School Year","63","Oakland Schools","63150","Troy School District","04226","Troy High School","63","Oakland","LEA School","High School","City: Small","Oakland Region","         5","Male","71.4000","273","604.1000","195","N/A","N/A","N/A","N/A","N/A","N/A","N/A","N/A","N/A","68.4000","272","1176.4000","186","79.8000","272","571.7000","217"
"23 - 24 School Year","63","Oakland Schools","63150","Troy School District","04226","Troy High School","63","Oakland","LEA School","High School","City: Small","Oakland Region","         5","Not Economically Disadvantaged","73.9000","471","611.3000","348","N/A","N/A","N/A","N/A","N/A","N/A","N/A","N/A","N/A","71.7000","470","1199.7000","337","86.2000","470","588.1000","405"
"23 - 24 School Year","63","Oakland Schools","63150","Troy School District","04226","Troy High School","63","Oakland","LEA School","High School","City: Small","Oakland Region","         5","Not English Language Learners","71.9000","499","605.9000","359","N/A","N/A","N/A","N/A","N/A","N/A","N/A","N/A","N/A","70.1000","499","1192.1000","350","85.4000","499","586.3000","426"
"23 - 24 School Year","63","Oakland Schools","63150","Troy School District","04226","Troy High School","63","Oakland","LEA School","High School","City: Small","Oakland Region","         5","Not Foster Care","69.3000","531","598.6000","368","N/A","N/A","N/A","N/A","N/A","N/A","N/A","N/A","N/A","67.4000","530","1176.6000","357","82.6000","530","577.6000","438"
"23 - 24 School Year","63","Oakland Schools","63150","Troy School District","04226","Troy High School","63","Oakland","LEA School","High School","City: Small","Oakland Region","         5","Not Homeless","69.3000","531","598.7000","368","N/A","N/A","N/A","N/A","N/A","N/A","N/A","N/A","N/A","67.4000","530","1176.6000","357","82.6000","530","577.6000","438"
"23 - 24 School Year","63","Oakland Schools","63150","Troy School District","04226","Troy High School","63","Oakland","LEA School","High School","City: Small","Oakland Region","         5","Not Migrant","69.2000","532","598.3000","368","N/A","N/A","N/A","N/A","N/A","N/A","N/A","N/A","N/A","67.2000","531","1175.9000","357","82.5000","531","577.3000","438"
"23 - 24 School Year","63","Oakland Schools","63150","Troy School District","04226","Troy High School","63","Oakland","LEA School","High School","City: Small","Oakland Region","         5","Not Military Connected","69.2000","532","598.3000","368","N/A","N/A","N/A","N/A","N/A","N/A","N/A","N/A","N/A","67.2000","531","1175.9000","357","82.5000","531","577.3000","438"
"23 - 24 School Year","63","Oakland Schools","63150","Troy School District","04226","Troy High School","63","Oakland","LEA School","High School","City: Small","Oakland Region","         5","Students with Disabilities","<=20%","18","436.1000","3","N/A","N/A","N/A","N/A","N/A","N/A","N/A","N/A","N/A","<=20%","18","877.8000","3","38.9000","18","441.7000","7"
"23 - 24 School Year","63","Oakland Schools","63150","Troy School District","04226","Troy High School","63","Oakland","LEA School","High School","City: Small","Oakland Region","         5","Students without IEP","71.0000","514","604.0000","365","N/A","N/A","N/A","N/A","N/A","N/A","N/A","N/A","N/A","69.0000","513","1186.4000","354","84.0000","513","582.1000","431"
"23 - 24 School Year","63","Oakland Schools","63150","Troy School District","04226","Troy High School","63","Oakland","LEA School","High School","City: Small","Oakland Region","         5","Two or More Races","63.0000","27","561.1000","17","N/A","N/A","N/A","N/A","N/A","N/A","N/A","N/A","N/A","63.0000","27","1128.5000","17",">=80%","27","567.4000","24"
"23 - 24 School Year","63","Oakland Schools","63150","Troy School District","04226","Troy High School","63","Oakland","LEA School","High School","City: Small","Oakland Region","         5","White, not of Hispanic origin","53.8000","234","542.6000","126","N/A","N/A","N/A","N/A","N/A","N/A","N/A","N/A","N/A","51.7000","234","1087.9000","121","78.2000","234","545.3000","183"
"23 - 24 School Year","63","Oakland Schools","63150","Troy School District","06393","Athens High School","63","Oakland","LEA School","High School","City: Small","Oakland Region","         5","All Students","53.8000","370","541.5000","199","N/A","N/A","N/A","N/A","N/A","N/A","N/A","N/A","N/A","50.3000","370","1080.1000","186","72.7000","370","538.6000","269"
"23 - 24 School Year","63","Oakland Schools","63150","Troy School District","06393","Athens High School","63","Oakland","LEA School","High School","City: Small","Oakland Region","         5","Asian","83.1000","83","615.1000","69","N/A","N/A","N/A","N/A","N/A","N/A","N/A","N/A","N/A","79.5000","83","1197.7000","66","85.5000","83","582.7000","71"
"23 - 24 School Year","63","Oakland Schools","63150","Troy School District","06393","Athens High School","63","Oakland","LEA School","High School","City: Small","Oakland Region","         5","Black, not of Hispanic origin","21.1000","19","451.6000","4","N/A","N/A","N/A","N/A","N/A","N/A","N/A","N/A","N/A","21.1000","19","928.4000","4","52.6000","19","476.8000","10"
"23 - 24 School Year","63","Oakland Schools","63150","Troy School District","06393","Athens High School","63","Oakland","LEA School","High School","City: Small","Oakland Region","         5","Economically Disadvantaged","27.3000","66","479.4000","18","N/A","N/A","N/A","N/A","N/A","N/A","N/A","N/A","N/A","21.2000","66","958.2000","14","51.5000","66","478.8000","34"
"23 - 24 School Year","63","Oakland Schools","63150","Troy School District","06393","Athens High School","63","Oakland","LEA School","High School","City: Small","Oakland Region","         5","English Language Learners","<=50%","15","424.0000","<3","N/A","N/A","N/A","N/A","N/A","N/A","N/A","N/A","N/A","<=50%","15","798.0000","<3","<=50%","15","374.0000","<3"
"23 - 24 School Year","63","Oakland Schools","63150","Troy School District","06393","Athens High School","63","Oakland","LEA School","High School","City: Small","Oakland Region","         5","Female","51.6000","184","538.5000","95","N/A","N/A","N/A","N/A","N/A","N/A","N/A","N/A","N/A","49.5000","184","1085.5000","91","76.6000","184","547.0000","141"
"23 - 24 School Year","63","Oakland Schools","63150","Troy School District","06393","Athens High School","63","Oakland","LEA School","High School","City: Small","Oakland Region","         5","Hispanic","43.5000","23","500.9000","10","N/A","N/A","N/A","N/A","N/A","N/A","N/A","N/A","N/A","39.1000","23","1023.9000","9","73.9000","23","523.0000","17"
"23 - 24 School Year","63","Oakland Schools","63150","Troy School District","06393","Athens High School","63","Oakland","LEA School","High School","City: Small","Oakland Region","         5","Male","55.9000","186","544.5000","104","N/A","N/A","N/A","N/A","N/A","N/A","N/A","N/A","N/A","51.1000","186","1074.8000","95","68.8000","186","530.3000","128"
"23 - 24 School Year","63","Oakland Schools","63150","Troy School District","06393","Athens High School","63","Oakland","LEA School","High School","City: Small","Oakland Region","         5","Not Economically Disadvantaged","59.5000","304","555.0000","181","N/A","N/A","N/A","N/A","N/A","N/A","N/A","N/A","N/A","56.6000","304","1106.6000","172","77.3000","304","551.6000","235"
"23 - 24 School Year","63","Oakland Schools","63150","Troy School District","06393","Athens High School","63","Oakland","LEA School","High School","City: Small","Oakland Region","         5","Not English Language Learners","55.5000","355","546.5000","197","N/A","N/A","N/A","N/A","N/A","N/A","N/A","N/A","N/A","52.1000","355","1092.0000","185","75.2000","355","545.5000","267"
"23 - 24 School Year","63","Oakland Schools","63150","Troy School District","06393","Athens High School","63","Oakland","LEA School","High School","City: Small","Oakland Region","         5","Not Foster Care","53.8000","370","541.5000","199","N/A","N/A","N/A","N/A","N/A","N/A","N/A","N/A","N/A","50.3000","370","1080.1000","186","72.7000","370","538.6000","269"
"23 - 24 School Year","63","Oakland Schools","63150","Troy School District","06393","Athens High School","63","Oakland","LEA School","High School","City: Small","Oakland Region","         5","Not Homeless","53.8000","370","541.5000","199","N/A","N/A","N/A","N/A","N/A","N/A","N/A","N/A","N/A","50.3000","370","1080.1000","186","72.7000","370","538.6000","269"
"23 - 24 School Year","63","Oakland Schools","63150","Troy School District","06393","Athens High School","63","Oakland","LEA School","High School","City: Small","Oakland Region","         5","Not Migrant","53.8000","370","541.5000","199","N/A","N/A","N/A","N/A","N/A","N/A","N/A","N/A","N/A","50.3000","370","1080.1000","186","72.7000","370","538.6000","269"
"23 - 24 School Year","63","Oakland Schools","63150","Troy School District","06393","Athens High School","63","Oakland","LEA School","High School","City: Small","Oakland Region","         5","Not Military Connected","53.8000","370","541.5000","199","N/A","N/A","N/A","N/A","N/A","N/A","N/A","N/A","N/A","50.3000","370","1080.1000","186","72.7000","370","538.6000","269"
"23 - 24 School Year","63","Oakland Schools","63150","Troy School District","06393","Athens High School","63","Oakland","LEA School","High School","City: Small","Oakland Region","         5","Students with Disabilities","<=20%","23","401.7000","<3","N/A","N/A","N/A","N/A","N/A","N/A","N/A","N/A","N/A","<=20%","23","814.8000","<3","<=20%","23","413.0000","3"
"23 - 24 School Year","63","Oakland Schools","63150","Troy School District","06393","Athens High School","63","Oakland","LEA School","High School","City: Small","Oakland Region","         5","Students without IEP","56.8000","347","550.8000","197","N/A","N/A","N/A","N/A","N/A","N/A","N/A","N/A","N/A","53.3000","347","1097.7000","185","76.7000","347","546.9000","266"
"23 - 24 School Year","63","Oakland Schools","63150","Troy School District","06393","Athens High School","63","Oakland","LEA School","High School","City: Small","Oakland Region","         5","Two or More Races","<=50%","12","523.3000","5","N/A","N/A","N/A","N/A","N/A","N/A","N/A","N/A","N/A","<=50%","12","1050.8000","5",">=50%","12","527.5000","8"
"23 - 24 School Year","63","Oakland Schools","63150","Troy School District","06393","Athens High School","63","Oakland","LEA School","High School","City: Small","Oakland Region","         5","White, not of Hispanic origin","47.6000","233","527.6000","111","N/A","N/A","N/A","N/A","N/A","N/A","N/A","N/A","N/A","43.8000","233","1057.6000","102","70.0000","233","530.0000","163"
"23 - 24 School Year","63","Oakland Schools","63150","Troy School District","08286","Troy College and Career High School","63","Oakland","LEA School","Middle_High School","City: Small","Oakland Region","         5","All Students","<=10%","51","404.5000","<3","N/A","N/A","N/A","N/A","N/A","N/A","N/A","N/A","N/A","<=10%","51","866.3000","<3","56.9000","51","461.8000","29"
"23 - 24 School Year","63","Oakland Schools","63150","Troy School District","08286","Troy College and Career High School","63","Oakland","LEA School","Middle_High School","City: Small","Oakland Region","         5","Asian","*","<10","*","*","N/A","N/A","N/A","N/A","N/A","N/A","N/A","N/A","N/A","*","<10","*","*","*","<10","*","*"
"23 - 24 School Year","63","Oakland Schools","63150","Troy School District","08286","Troy College and Career High School","63","Oakland","LEA School","Middle_High School","City: Small","Oakland Region","         5","Black, not of Hispanic origin","*","<10","*","*","N/A","N/A","N/A","N/A","N/A","N/A","N/A","N/A","N/A","*","<10","*","*","*","<10","*","*"
"23 - 24 School Year","63","Oakland Schools","63150","Troy School District","08286","Troy College and Career High School","63","Oakland","LEA School","Middle_High School","City: Small","Oakland Region","         5","Economically Disadvantaged","<=20%","17","390.6000","<3","N/A","N/A","N/A","N/A","N/A","N/A","N/A","N/A","N/A","<=20%","17","812.9000","<3","47.1000","17","422.4000","8"
"23 - 24 School Year","63","Oakland Schools","63150","Troy School District","08286","Troy College and Career High School","63","Oakland","LEA School","Middle_High School","City: Small","Oakland Region","         5","English Language Learners","*","<10","*","*","N/A","N/A","N/A","N/A","N/A","N/A","N/A","N/A","N/A","*","<10","*","*","*","<10","*","*"
"23 - 24 School Year","63","Oakland Schools","63150","Troy School District","08286","Troy College and Career High School","63","Oakland","LEA School","Middle_High School","City: Small","Oakland Region","         5","Female","<=20%","27","395.2000","<3","N/A","N/A","N/A","N/A","N/A","N/A","N/A","N/A","N/A","<=20%","27","855.9000","<3","59.3000","27","460.7000","16"
"23 - 24 School Year","63","Oakland Schools","63150","Troy School District","08286","Troy College and Career High School","63","Oakland","LEA School","Middle_High School","City: Small","Oakland Region","         5","Hispanic","*","<10","*","*","N/A","N/A","N/A","N/A","N/A","N/A","N/A","N/A","N/A","*","<10","*","*","*","<10","*","*"
"23 - 24 School Year","63","Oakland Schools","63150","Troy School District","08286","Troy College and Career High School","63","Oakland","LEA School","Middle_High School","City: Small","Oakland Region","         5","Male","<=20%","24","415.0000","<3","N/A","N/A","N/A","N/A","N/A","N/A","N/A","N/A","N/A","<=20%","24","877.9000","<3","54.2000","24","462.9000","13"
"23 - 24 School Year","63","Oakland Schools","63150","Troy School District","08286","Troy College and Career High School","63","Oakland","LEA School","Middle_High School","City: Small","Oakland Region","         5","Military Connected","*","<10","*","*","N/A","N/A","N/A","N/A","N/A","N/A","N/A","N/A","N/A","*","<10","*","*","*","<10","*","*"
"23 - 24 School Year","63","Oakland Schools","63150","Troy School District","08286","Troy College and Career High School","63","Oakland","LEA School","Middle_High School","City: Small","Oakland Region","         5","Not Economically Disadvantaged","<=10%","34","411.5000","<3","N/A","N/A","N/A","N/A","N/A","N/A","N/A","N/A","N/A","<=10%","34","892.9000","<3","61.8000","34","481.5000","21"
"23 - 24 School Year","63","Oakland Schools","63150","Troy School District","08286","Troy College and Career High School","63","Oakland","LEA School","Middle_High School","City: Small","Oakland Region","         5","Not English Language Learners","<=10%","47","411.3000","<3","N/A","N/A","N/A","N/A","N/A","N/A","N/A","N/A","N/A","<=10%","47","882.8000","<3","61.7000","47","471.5000","29"
"23 - 24 School Year","63","Oakland Schools","63150","Troy School District","08286","Troy College and Career High School","63","Oakland","LEA School","Middle_High School","City: Small","Oakland Region","         5","Not Foster Care","<=10%","51","404.5000","<3","N/A","N/A","N/A","N/A","N/A","N/A","N/A","N/A","N/A","<=10%","51","866.3000","<3","56.9000","51","461.8000","29"
"23 - 24 School Year","63","Oakland Schools","63150","Troy School District","08286","Troy College and Career High School","63","Oakland","LEA School","Middle_High School","City: Small","Oakland Region","         5","Not Homeless","<=10%","51","404.5000","<3","N/A","N/A","N/A","N/A","N/A","N/A","N/A","N/A","N/A","<=10%","51","866.3000","<3","56.9000","51","461.8000","29"
"23 - 24 School Year","63","Oakland Schools","63150","Troy School District","08286","Troy College and Career High School","63","Oakland","LEA School","Middle_High School","City: Small","Oakland Region","         5","Not Migrant","<=10%","51","404.5000","<3","N/A","N/A","N/A","N/A","N/A","N/A","N/A","N/A","N/A","<=10%","51","866.3000","<3","56.9000","51","461.8000","29"
"23 - 24 School Year","63","Oakland Schools","63150","Troy School District","08286","Troy College and Career High School","63","Oakland","LEA School","Middle_High School","City: Small","Oakland Region","         5","Not Military Connected","<=10%","50","404.4000","<3","N/A","N/A","N/A","N/A","N/A","N/A","N/A","N/A","N/A","<=10%","50","867.0000","<3","58.0000","50","462.6000","29"
"23 - 24 School Year","63","Oakland Schools","63150","Troy School District","08286","Troy College and Career High School","63","Oakland","LEA School","Middle_High School","City: Small","Oakland Region","         5","Students with Disabilities","*","<10","*","*","N/A","N/A","N/A","N/A","N/A","N/A","N/A","N/A","N/A","*","<10","*","*","*","<10","*","*"
"23 - 24 School Year","63","Oakland Schools","63150","Troy School District","08286","Troy College and Career High School","63","Oakland","LEA School","Middle_High School","City: Small","Oakland Region","         5","Students without IEP","<=10%","47","408.3000","<3","N/A","N/A","N/A","N/A","N/A","N/A","N/A","N/A","N/A","<=10%","47","880.2000","<3","61.7000","47","471.9000","29"
"23 - 24 School Year","63","Oakland Schools","63150","Troy School District","08286","Troy College and Career High School","63","Oakland","LEA School","Middle_High School","City: Small","Oakland Region","         5","Two or More Races","*","<10","*","*","N/A","N/A","N/A","N/A","N/A","N/A","N/A","N/A","N/A","*","<10","*","*","*","<10","*","*"
"23 - 24 School Year","63","Oakland Schools","63150","Troy School District","08286","Troy College and Career High School","63","Oakland","LEA School","Middle_High School","City: Small","Oakland Region","         5","White, not of Hispanic origin","<=20%","26","415.8000","<3","N/A","N/A","N/A","N/A","N/A","N/A","N/A","N/A","N/A","<=20%","26","906.9000","<3","73.1000","26","491.2000","19"
