year,grade,subject,group,n_advanced,n_proficient,n_partial,n_not_proficient,adv_plus_prof
2024-25,3,Math,SWD,19,18,18,31,37
2023-24,3,Math,SWD,12,18,18,34,30
2022-23,3,Math,SWD,12,12,14,28,24
2021-22,3,Math,SWD,11,12,14,23,23
2020-21,3,Math,SWD,6,7,9,21,13
2018-19,3,Math,SWD,11,14,19,27,25
2024-25,3,Math,Non-SWD,358,225,96,31,583
2023-24,3,Math,Non-SWD,352,219,114,63,571
2022-23,3,Math,Non-SWD,356,232,126,57,588
2021-22,3,Math,Non-SWD,351,250,108,68,601
2020-21,3,Math,Non-SWD,245,183,96,58,428
2018-19,3,Math,Non-SWD,408,254,117,66,662
2024-25,4,Math,SWD,13,15,25,40,28
2023-24,4,Math,SWD,11,13,22,30,24
2022-23,4,Math,SWD,9,13,25,30,22
2021-22,4,Math,SWD,5,12,22,31,17
2020-21,4,Math,SWD,,,10,13,10
2018-19,4,Math,SWD,6,15,23,25,21
2024-25,4,Math,Non-SWD,309,221,183,41,530
2023-24,4,Math,Non-SWD,330,232,164,49,562
2022-23,4,Math,Non-SWD,351,221,170,43,572
2021-22,4,Math,Non-SWD,314,243,216,51,557
2020-21,4,Math,Non-SWD,247,193,175,50,440
2018-19,4,Math,Non-SWD,364,247,150,41,611
2024-25,5,Math,SWD,10,13,9,49,23
2023-24,5,Math,SWD,7,11,16,44,18
2022-23,5,Math,SWD,11,5,15,37,16
2021-22,5,Math,SWD,6,7,13,34,13
2020-21,5,Math,SWD,,,11,31,6
2018-19,5,Math,SWD,5,15,29,60,20
2024-25,5,Math,Non-SWD,360,186,162,80,546
2023-24,5,Math,Non-SWD,384,179,163,103,563
2022-23,5,Math,Non-SWD,383,190,189,106,573
2021-22,5,Math,Non-SWD,357,198,211,110,555
2020-21,5,Math,Non-SWD,257,111,151,95,368
2018-19,5,Math,Non-SWD,420,189,181,77,609
2024-25,6,Math,SWD,6,13,20,43,19
2023-24,6,Math,SWD,5,7,15,38,12
2022-23,6,Math,SWD,5,9,14,34,14
2021-22,6,Math,SWD,5,4,13,53,9
2020-21,6,Math,SWD,,,3,5,3
2018-19,6,Math,SWD,9,12,18,40,21
2024-25,6,Math,Non-SWD,412,182,167,89,594
2023-24,6,Math,Non-SWD,409,222,178,96,631
2022-23,6,Math,Non-SWD,389,204,209,96,593
2021-22,6,Math,Non-SWD,383,175,204,94,558
2020-21,6,Math,Non-SWD,180,84,59,22,264
2018-19,6,Math,Non-SWD,518,195,177,59,713
2024-25,7,Math,SWD,5,10,8,44,15
2023-24,7,Math,SWD,6,4,5,40,10
2022-23,7,Math,SWD,3,5,15,49,8
2021-22,7,Math,SWD,,,13,34,5
2020-21,7,Math,SWD,,,5,6,3
2018-19,7,Math,SWD,14,7,19,48,21
2024-25,7,Math,Non-SWD,454,208,172,89,662
2023-24,7,Math,Non-SWD,420,212,172,114,632
2022-23,7,Math,Non-SWD,400,168,185,115,568
2021-22,7,Math,Non-SWD,382,173,155,111,555
2020-21,7,Math,Non-SWD,212,77,47,28,289
2018-19,7,Math,Non-SWD,493,172,183,80,665
2024-25,3,ELA,SWD,10,14,22,41,24
2023-24,3,ELA,SWD,8,13,24,37,21
2022-23,3,ELA,SWD,6,9,16,34,15
2021-22,3,ELA,SWD,7,11,16,26,18
2020-21,3,ELA,SWD,6,8,8,20,14
2018-19,3,ELA,SWD,16,11,19,25,27
2024-25,3,ELA,Non-SWD,287,219,125,62,506
2023-24,3,ELA,Non-SWD,277,218,136,103,495
2022-23,3,ELA,Non-SWD,334,187,146,81,521
2021-22,3,ELA,Non-SWD,372,179,140,73,551
2020-21,3,ELA,Non-SWD,243,154,108,71,397
2018-19,3,ELA,Non-SWD,441,201,128,63,642
2024-25,4,ELA,SWD,13,18,19,44,31
2023-24,4,ELA,SWD,13,9,6,48,22
2022-23,4,ELA,SWD,6,16,17,38,22
2021-22,4,ELA,SWD,6,17,15,32,23
2020-21,4,ELA,SWD,4,4,14,11,8
2018-19,4,ELA,SWD,12,13,10,34,25
2024-25,4,ELA,Non-SWD,319,202,132,86,521
2023-24,4,ELA,Non-SWD,350,183,118,104,533
2022-23,4,ELA,Non-SWD,423,182,98,65,605
2021-22,4,ELA,Non-SWD,419,213,100,77,632
2020-21,4,ELA,Non-SWD,325,158,103,78,483
2018-19,4,ELA,Non-SWD,452,179,95,57,631
2024-25,5,ELA,SWD,4,15,25,38,19
2023-24,5,ELA,SWD,3,13,17,46,16
2022-23,5,ELA,SWD,9,10,18,32,19
2021-22,5,ELA,SWD,3,15,12,30,18
2020-21,5,ELA,SWD,4,3,11,30,7
2018-19,5,ELA,SWD,6,21,35,46,27
2024-25,5,ELA,Non-SWD,304,260,127,86,564
2023-24,5,ELA,Non-SWD,345,251,125,87,596
2022-23,5,ELA,Non-SWD,359,275,120,96,634
2021-22,5,ELA,Non-SWD,375,276,124,86,651
2020-21,5,ELA,Non-SWD,240,200,97,77,440
2018-19,5,ELA,Non-SWD,397,292,99,66,689
2024-25,6,ELA,SWD,,,25,39,17
2024-25,6,ELA,Non-SWD,273,307,179,85,580
2024-25,7,ELA,SWD,5,8,13,40,13
2024-25,7,ELA,Non-SWD,258,377,169,110,635
2023-24,7,ELA,SWD,,,16,32,7
2022-23,7,ELA,SWD,,,17,49,8
2021-22,7,ELA,SWD,,,13,34,6
2020-21,7,ELA,SWD,,,,,
2018-19,7,ELA,SWD,11,13,21,44,24
2023-24,7,ELA,Non-SWD,264,351,153,137,615
2022-23,7,ELA,Non-SWD,218,330,177,129,548
2021-22,7,ELA,Non-SWD,230,334,155,95,564
2020-21,7,ELA,Non-SWD,124,154,62,24,278
2018-19,7,ELA,Non-SWD,305,391,150,74,696
2018-19,6,ELA,SWD,5,21,27,26,26
2018-19,6,ELA,Non-SWD,359,377,140,62,736
2020-21,6,ELA,SWD,,,5,3,
2020-21,6,ELA,Non-SWD,98,158,62,27,256
2021-22,6,ELA,SWD,,,19,41,
2021-22,6,ELA,Non-SWD,233,329,192,93,562
2022-23,6,ELA,SWD,,,16,36,
2022-23,6,ELA,Non-SWD,246,359,172,111,605
2023-24,6,ELA,SWD,4,14,11,35,18
2023-24,6,ELA,Non-SWD,283,317,193,103,600
